"DATA_YEAR","SUSPECTED_DRUG_TYPE_ID","PROPERTY_ID","EST_DRUG_QTY","DRUG_MEASURE_TYPE_ID","NIBRS_SUSPECTED_DRUG_ID"
2019,4,118609597,3.4,1,12112483
2019,1,118609597,45.003,1,12112482
2019,16,118609622,4.16,1,12112490
2019,1,118609622,11.26,1,11977631
2019,4,118604579,0.2,1,11972849
2019,1,121012471,1.3,1,12945033
2019,2,121012529,11.5,1,12951229
2019,8,121012544,0.9,1,12951233
2019,4,121012555,,,12957832
2019,8,121012580,0.1,1,12951239
2019,5,121012665,0.001,1,12957841
2019,8,121016199,3,9,12957843
2019,2,121012715,0.01,1,12951261
2019,4,121012718,0.001,1,12951262
2019,12,121020543,1,11,12945053
2019,4,121012806,0.2,1,12951274
2019,1,121020617,1.8,1,12945070
2019,8,121012893,6,9,12951287
2019,6,121012893,40.5,9,12951286
2019,4,121012927,1,1,12951293
2019,1,123180107,0.7,1,13504689
2019,12,123180121,78,1,13504694
2019,1,123168453,46,1,13504695
2019,4,123178035,6.6,1,13508787
2019,12,123178035,184,1,13508788
2019,2,123178109,1.9,1,13508817
2019,1,123180282,1.3,1,13504758
2019,12,123180303,,,13504764
2019,5,123178578,2,9,13508914
2019,4,121020332,,,12945027
2019,5,121016072,3,10,12957820
2019,4,121020339,,,12945028
2019,5,121012734,1,1,12951265
2019,8,121012590,75,9,12951241
2019,1,121012590,0.3,1,12951240
2019,8,121016190,5.91,1,12957840
2019,5,121012683,,,12945049
2019,8,121012691,4,9,12951254
2019,5,121016078,,,12957821
2019,4,121012421,,,12951214
2019,12,121012558,8,1,12951236
2019,8,121012558,2,1,12951235
2019,12,121012571,1,9,12957834
2019,5,121012657,0.001,1,12951248
2019,8,121012714,0.75,1,12951260
2019,4,121016238,1.7,1,12951275
2019,5,121012822,1,9,12951276
2019,5,121012914,1,1,12951291
2019,4,121012494,,,12951222
2019,1,121020394,1,1,12945034
2019,8,121012556,1,9,12945036
2019,2,121012597,2.5,1,12957835
2019,2,121012642,0.01,9,12951243
2019,2,121012709,0.4,1,12951258
2019,4,121012709,2.9,1,12951259
2019,16,121012733,1,11,12951264
2019,1,121012481,,,12951220
2019,4,121012647,3.7,1,12951245
2019,1,121012707,20,1,12951257
2019,2,121012721,0.01,1,12951263
2019,5,121016221,0.001,1,12945050
2019,5,121012887,1,1,12951285
2019,16,121020625,2,9,12945072
2019,8,121020625,30,1,12951288
2019,12,121020625,0.5,1,12945071
2019,5,121016278,1,1,12957863
2019,5,121012934,2,1,12951294
2019,1,121016288,1.2,1,12957866
2019,12,121016288,49.2,1,12957867
2019,4,121016296,,,12957868
2019,12,121016309,,,12957871
2019,4,121012992,0.5,1,12951308
2019,1,121012992,4,1,12951307
2019,18,121012992,,,12951309
2019,4,121012999,150,1,12951311
2019,2,121012999,17,1,12951310
2019,4,121013001,1.3,1,12951312
2019,4,120567927,2,9,12860436
2019,17,120576348,,,12842278
2019,5,120567991,1,1,12860444
2019,5,120568389,1,1,12860491
2019,1,120576634,0.3,1,12860506
2019,8,120568531,74,1,12860512
2019,12,120568539,0.01,1,12860518
2019,1,120568553,0.6,1,12860525
2019,8,120568602,1.8,1,12856288
2019,1,120568606,1.3,1,12860555
2019,5,120568640,,,12856290
2019,8,120568647,,,12860580
2019,12,123876252,,,13707703
2019,8,123876274,1.3,1,13697732
2019,4,123884757,0.25,1,13712584
2019,8,120568726,1.6,1,12842362
2019,12,120576723,,,12842366
2019,4,120568734,0.9,1,12860618
2019,17,120570811,1,9,12856276
2019,2,120568295,0.3,1,12860476
2019,16,120568364,,,12860484
2019,8,120568493,,,12842312
2019,1,120576625,1,11,12842313
2019,16,120568580,0.7,1,12842328
2019,12,120568609,0.1,1,12860557
2019,2,119494566,0.05,1,12503363
2019,5,119523050,57,1,12503368
2019,1,119523074,,,12503370
2019,12,119529689,1,11,12503373
2019,1,119526727,1,1,12517884
2019,4,119526751,1,1,12517885
2019,4,119529747,1,1,12503391
2019,4,119526786,,,12517907
2019,2,119523254,,,12503406
2019,1,119529768,0.8,1,12517915
2019,4,119529768,0.9,1,12503408
2019,1,118346508,0.69,1,11977618
2019,8,118346508,1.24,1,11977619
2019,4,118609628,1,11,12112492
2019,4,118604677,1,9,11972883
2019,12,118609682,0.5,1,11972891
2019,1,118346582,0.8,1,11977653
2019,4,118609705,,,12112513
2019,2,118604871,,,11972945
2019,5,118346759,1,9,11977687
2019,2,118604983,1,1,11972963
2019,15,118609850,2.5,9,12112553
2019,5,118347009,14.94,1,11977712
2019,12,118610064,1.5,1,11977754
2019,16,118610064,3.5,1,11977756
2019,16,118610064,3,9,11977755
2019,8,118610104,1,5,11973006
2019,13,118610154,1,9,11977767
2019,5,118347428,1,11,11977768
2019,5,118347473,2.91,3,11973016
2019,8,118347476,6,9,12112608
2019,16,118347476,6,9,12112609
2019,5,118605427,1,11,11977782
2019,2,118610338,4,1,12112626
2019,16,118610342,35,9,12112629
2019,18,118610342,,,12112630
2019,2,118610342,14,1,12112628
2019,12,119526408,,,12509813
2019,1,118609613,0.4,1,12112488
2019,4,118347301,1,9,11977748
2019,16,118347301,4,9,11977749
2019,12,118347368,,,11977766
2019,5,118610241,3,1,11977780
2019,5,118610249,1,11,12112615
2019,5,118609583,2.01,1,12112475
2019,2,118609583,1,11,11977616
2019,16,118609607,0,1,12112485
2019,13,118609657,0.45,1,11972877
2019,4,118609662,1,11,12112501
2019,2,118609665,0.25,1,12112503
2019,2,118346562,1,11,11972890
2019,5,118346562,1,11,11977642
2019,8,118604695,1,1,11972892
2019,5,118346616,,,11972928
2019,4,118609732,0.6,1,12112520
2019,12,118346655,1,1,11972938
2019,12,118346665,2.8,1,11972941
2019,16,118604926,1,9,11972954
2019,16,118346766,1,9,11977689
2019,8,118609806,0.3,1,12112541
2019,5,118609857,5,1,12112555
2019,5,118346954,0.94,1,11972985
2019,1,118346957,1,1,11977702
2019,18,118346957,,,11977704
2019,16,118346957,0.5,1,11977703
2019,16,118346969,0.009,1,11977706
2019,1,118346969,31.1,1,11972986
2019,4,118346969,30.006,1,11977705
2019,1,118605164,172.2,1,11977710
2019,1,118347008,1,1,11977711
2019,16,118347139,13.005,9,11977727
2019,16,118347183,24,9,11977733
2019,5,118610015,1,11,11977734
2019,4,118347305,0.3,1,11977750
2019,5,118610098,2.43,1,12112592
2019,5,118347443,8.8,1,11977772
2019,4,118605403,3.006,1,11973011
2019,16,118605403,30,1,11973012
2019,8,118347458,1,11,11973013
2019,1,118609627,1.2,1,11977633
2019,4,118604650,118,1,11972874
2019,12,118609655,0.5,1,12112499
2019,1,118609683,80,1,12112506
2019,12,118346576,0,1,11977649
2019,17,118604945,10.2,1,11972955
2019,5,118604620,,,11972863
2019,12,118609666,2.1,1,11972880
2019,4,118609666,0.7,1,11972879
2019,16,118604684,,,11972887
2019,1,118609696,90.9,1,12112509
2019,4,118346589,1.4,1,11972915
2019,16,118346657,99,9,12112523
2019,1,118609800,0.71,1,12112539
2019,4,118604964,1,1,11972960
2019,8,118605178,90,9,11972989
2019,8,118347339,1,11,11977762
2019,1,118609624,,,11977632
2019,4,118604644,0,9,11972871
2019,16,118609645,40,9,12112495
2019,5,118346556,0,7,12112500
2019,4,118609699,0.5,1,12112511
2019,8,118604771,0.01,1,11972924
2019,1,118609721,0.01,1,11977665
2019,4,118604904,0.38,1,11972951
2019,13,118346714,1,1,11977680
2019,5,118346756,1,11,11977686
2019,5,118609815,1,11,12112544
2019,16,118346808,14,9,11972966
2019,16,118609829,148,1,12112546
2019,5,118346853,1,9,11972973
2019,15,118609981,1,9,12112575
2019,5,118610208,1.098,3,12112603
2019,4,118347471,1,1,11977778
2019,8,118610262,1,9,12112618
2019,1,118610262,1,11,12112616
2019,4,118610262,1,11,12112617
2019,12,118610333,2.2,1,12112625
2019,16,118610339,26,9,12112627
2019,5,118610346,1.9,3,12112631
2019,5,118347529,2,9,11977787
2019,5,118346529,7.99,1,11977626
2019,1,118609637,1.3,1,12112493
2019,5,118609611,1,1,12112486
2019,12,118609625,,,12112491
2019,4,118604643,134,1,11972870
2019,1,119526781,2.7,1,12517903
2019,4,119526785,0.7,1,12517906
2019,1,119523240,0.5,1,12509876
2019,12,119523257,9.1,1,12517920
2019,2,119523257,7.4,1,12517919
2019,4,119523257,27.2,1,12509889
2019,1,119526805,2,1,12509895
2019,1,123168460,73.8,1,13508781
2019,1,119523267,0.4,1,12509904
2019,4,119523267,0.18,1,12509905
2019,8,119523271,5.9,1,12503419
2019,4,119523271,11.5,1,12503418
2019,12,119523292,0.5,1,12509927
2019,8,123178039,0.7,1,13508790
2019,1,119523317,12,1,12509944
2019,2,119523317,144,1,12509945
2019,1,119523322,26.7,1,12509947
2019,8,119523322,13.1,1,12509948
2019,18,119523322,,,12509949
2019,16,119526838,1,9,12517944
2019,12,119523325,1,11,12509951
2019,12,119526844,,,12517951
2019,8,119523330,23,9,12509956
2019,8,123168480,,,13501248
2019,1,123178096,1.8,1,13508813
2019,4,119523335,1.4,1,12503438
2019,17,119529807,3,9,12503441
2019,12,123168513,2.7,1,13504722
2019,1,119526876,,,12517966
2019,1,119523340,0.6,1,12509961
2019,2,119523341,27.9,1,12509962
2019,1,119523343,0.3,1,12517976
2019,12,119523344,8.3,1,12509965
2019,4,119523344,0.8,1,12509964
2019,8,119523345,,,12509966
2019,5,119523356,,,12509969
2019,4,123168570,0.5,1,13501279
2019,8,119523366,85,9,12509976
2019,8,119523368,0.7,1,12509978
2019,12,119526907,,,12517994
2019,1,119523369,1,1,12509982
2019,1,119523371,1.2,1,12509984
2019,12,119523372,,,12517996
2019,4,123168513,0.4,1,13504721
2019,1,123178122,0.8,1,13501265
2019,12,123178139,,,13508830
2019,1,123168570,0.5,1,13501278
2019,1,123168575,1,9,13501281
2019,2,123178176,0.9,1,13508843
2019,1,123168592,0.6,1,13501284
2019,1,123168624,2.3,1,13501294
2019,12,123168642,26.6,1,13501298
2019,1,123168644,24.005,1,13504760
2019,2,123168644,29.1,1,13504761
2019,18,123168644,,,13501302
2019,4,123180309,,,13504766
2019,4,123180324,1,1,13504772
2019,16,123168711,10,9,13501313
2019,15,123168714,2,9,13501314
2019,8,123168737,,,13501323
2019,12,123168744,0.5,1,13501324
2019,5,123168754,1,1,13501326
2019,8,123168770,1,9,13501331
2019,5,123180456,,,13504801
2019,16,123168803,1.5,1,13501337
2019,17,123168807,1,9,13501340
2019,12,123168807,1,9,13501339
2019,1,123168817,1,9,13501343
2019,1,123168817,1,1,13501344
2019,14,123168817,1,9,13501345
2019,1,123180537,0.25,1,13504810
2019,12,123168893,1.4,1,13501353
2019,8,123178332,1,9,13508882
2019,12,123168934,,,13504825
2019,5,123168936,2,1,13501354
2019,1,123168954,0.1,1,13504827
2019,16,123169004,11,9,13501362
2019,4,123169004,1,9,13501361
2019,8,123169019,2,9,13501363
2019,1,119526784,1.3,1,12517905
2019,4,119523211,,,12503388
2019,1,119526766,0.2,1,12517889
2019,17,119526766,6,9,12517891
2019,12,119523232,6,9,12509869
2019,4,119523236,,,12509872
2019,2,119523251,2.7,1,12509883
2019,8,119523253,1,1,12509885
2019,8,119523258,,,12517922
2019,1,119529774,,,12509893
2019,1,119526812,0.2,1,12509900
2019,8,119526816,0.9,1,12517929
2019,12,119529789,7.6,1,12503424
2019,8,119523276,34,9,12509915
2019,4,119526558,1,11,12517863
2019,1,119523122,,,12509829
2019,16,119523126,1,11,12509830
2019,5,119523155,15.205,3,12509838
2019,12,119523155,0.005,1,12509839
2019,12,119523157,10.6,1,12509840
2019,16,119523157,7,9,12509841
2019,12,119523161,5,1,12509843
2019,2,119523171,0.5,1,12509845
2019,8,119523226,308,1,12509864
2019,8,119523239,2,9,12509875
2019,1,119526796,2.6,1,12509884
2019,12,119526797,,,12517913
2019,8,119526800,5.1,1,12509888
2019,8,119526800,10,9,12517918
2019,1,119523259,37.6,1,12517923
2019,4,119523259,4.5,1,12509891
2019,12,119526807,9,1,12509896
2019,4,119529777,1,1,12503413
2019,5,119529777,1,1,12503414
2019,16,119529591,98,9,12503365
2019,4,119523103,2.6,1,12509824
2019,4,119526750,1,11,12509846
2019,12,119523216,,,12509852
2019,2,119526769,,,12509855
2019,4,119529749,0.8,1,12503392
2019,12,119523222,,,12509860
2019,1,119526772,0.3,1,12517895
2019,12,119529769,0.4,1,12503409
2019,8,119529771,3,9,12509890
2019,8,119523264,16,9,12509899
2019,8,119526828,5,9,12509911
2019,12,119526829,,,12509912
2019,12,119523280,15.6,1,12509920
2019,12,119523281,,,12509921
2019,4,119523290,1,11,12509926
2019,8,119523295,284,9,12509929
2019,8,119523304,107.7,1,12509934
2019,1,119523304,51.9,1,12509933
2019,1,119523307,0.2,1,12509936
2019,16,119523308,,,12509937
2019,4,119523316,57,1,12509942
2019,12,119523316,79,1,12509943
2019,1,119523323,,,12509950
2019,4,119523327,22.6,1,12509952
2019,8,119523327,19,9,12509953
2019,8,119523327,6,1,12509954
2019,2,116727881,1,1,11597931
2019,8,116718961,5,9,11561147
2019,12,116727975,2,9,11590475
2019,8,116719023,12,9,11590507
2019,5,116719115,1,9,11590540
2019,15,115769384,1,9,11311288
2019,17,115769384,2.51,1,11321280
2019,3,115779389,0.28,3,11321289
2019,5,115779430,7.3,1,11321298
2019,4,115774761,2.007,1,11316327
2019,4,115774761,0.64,8,11316326
2019,5,115774761,1,1,11316328
2019,16,115779733,10,5,11321342
2019,16,115779733,1,9,11311370
2019,5,115779733,0.001,1,11321341
2019,4,115770043,0.01,1,11311380
2019,5,115779945,1,9,11311392
2019,1,115770164,0.6,1,11321367
2019,1,115775119,16.6,1,11316393
2019,8,115775119,602,9,11316394
2019,4,115775125,36,1,11321393
2019,1,115779988,0.4,1,11321400
2019,1,115770214,0.2,1,11316418
2019,5,116718613,4.5,3,11561088
2019,5,116727302,,,11590393
2019,12,116722712,,,11597872
2019,8,116727372,9,9,11561095
2019,12,116722897,,,11597905
2019,16,116727561,,,11590438
2019,12,116727591,,,11590440
2019,4,116727699,,,11590451
2019,8,116727750,,,11590458
2019,5,116728054,1,11,11597943
2019,4,116728064,5.6,1,11561157
2019,5,116728088,4.3,1,11597944
2019,4,116728114,2,9,11590508
2019,5,116728133,2,9,11590517
2019,8,116722681,0.01,1,11597866
2019,4,116718889,67,1,11561138
2019,1,116718889,26,1,11561136
2019,2,116718889,24,1,11561137
2019,5,116718905,1,11,11561140
2019,12,116718955,1,1,11590472
2019,4,116728073,12,1,11590501
2019,5,116728207,,,11597953
2019,8,116718600,10,9,11561083
2019,2,116718670,1,11,11561105
2019,5,116727461,3,9,11597901
2019,16,116727461,1,9,11597902
2019,16,116718749,,,11590424
2019,8,116727473,,,11561117
2019,5,116727545,17,1,11590433
2019,4,116727580,1,11,11590439
2019,1,116722970,2,1,11590442
2019,12,116727716,1,1,11590454
2019,17,116727279,6,9,11597861
2019,8,116718584,0.045,1,11561079
2019,4,116722702,129.007,1,11590399
2019,1,116722702,109.001,1,11590398
2019,18,116722702,,,11597868
2019,1,116727270,1,1,11561071
2019,15,116718821,9,9,11561125
2019,4,116727648,,,11590446
2019,12,116727364,2.7,1,11590409
2019,8,116727403,,,11561099
2019,5,116718686,0.119,3,11561106
2019,5,116727737,,,11590456
2019,4,116727770,,,11590459
2019,1,116727845,3,1,11590467
2019,4,116727845,0.6,1,11590468
2019,5,116718994,2.6,1,11590497
2019,5,116728103,1,11,11590506
2019,5,116723137,2.5,1,11597954
2019,5,116727267,335.927,1,11590387
2019,18,116727281,,,11561076
2019,12,116727281,3,9,11561073
2019,13,116727281,6,9,11561075
2019,8,116727307,26.033,1,11590394
2019,1,116727423,1.1,1,11590420
2019,17,116722852,4,9,11597895
2019,4,116722852,2.1,1,11597894
2019,1,116727454,0.9,1,11597898
2019,4,116727486,,,11590426
2019,17,116722933,40,9,11597913
2019,4,116722933,4.1,1,11561121
2019,1,116722933,3.5,1,11561120
2019,16,116727547,1,9,11590435
2019,1,116727547,1,11,11590434
2019,4,116727791,0.5,1,11590462
2019,16,116727796,1,9,11561134
2019,1,116727796,1.6,1,11590463
2019,2,116727960,1,3,11590473
2019,15,116718597,2,9,11561082
2019,12,116718597,0.5,9,11561081
2019,17,116727595,38,9,11597915
2019,5,116727622,3,9,11590443
2019,12,116728119,72,1,11590510
2019,16,116728119,38,9,11590511
2019,6,116728119,1,9,11590509
2019,2,116723112,1,9,11597949
2019,16,116719058,1,9,11590525
2019,5,116728204,0.5,9,11597951
2019,17,116719098,1,9,11561181
2019,12,116719098,2,9,11590537
2019,8,116719098,4,1,11590536
2019,1,116728066,0.1,1,11590500
2019,5,116723099,2,1,11561165
2019,5,116723142,0.19,3,11597955
2019,5,116723146,3.3,1,11597957
2019,5,116723146,1,11,11597958
2019,8,116718816,1,9,11561124
2019,16,116727738,,,11561133
2019,5,116719094,,,11561179
2019,16,116728214,1,9,11561180
2019,16,116727626,1,9,11590444
2019,4,116727626,70,1,11597920
2019,12,116718875,,,11561132
2019,7,116718975,1,9,11590480
2019,8,116728004,1,9,11590483
2019,5,116728049,1,11,11590498
2019,12,116719034,0.7,1,11561170
2019,17,116719083,5,1,11590530
2019,2,116727301,0.1,1,11590392
2019,1,116727317,5,1,11590400
2019,1,116718614,1,1,11561089
2019,17,116718616,11,1,11561092
2019,1,116718616,3,1,11561091
2019,5,116727397,2,1,11590412
2019,16,116718713,1,9,11590423
2019,4,116718718,1.7,1,11561111
2019,5,116722855,5.15,3,11597896
2019,15,116722855,1,9,11597897
2019,12,116718801,1.004,1,11597912
2019,8,116727732,,,11590455
2019,8,116727800,6,9,11590464
2019,5,116728102,18.44,3,11590505
2019,8,116728160,4,9,11590524
2019,4,116728164,0,7,11561176
2019,4,118604592,,,11972851
2019,15,118604600,21,9,11972852
2019,16,118346578,2,9,11977650
2019,2,119529715,4,1,12503377
2019,16,119529716,7,9,12503379
2019,4,119529727,2.3,1,12503385
2019,1,119529746,1.4,1,12503390
2019,4,119526768,1.7,1,12517893
2019,1,119526768,4.6,1,12517892
2019,1,119526774,0.4,1,12517896
2019,4,119526774,0.7,1,12517897
2019,1,119523228,0.04,1,12509865
2019,1,119529754,21,1,12509867
2019,4,119523252,1.3,1,12503405
2019,1,119529775,0.5,1,12503412
2019,4,119526815,1,1,12503417
2019,4,119523268,1.2,1,12509906
2019,1,119529786,0.6,1,12503421
2019,1,119526834,1.69,1,12509917
2019,12,119529799,11.6,1,12503432
2019,1,119526864,63.7,1,12503436
2019,1,119526868,0.2,1,12517959
2019,1,121927731,1.01,1,13168396
2019,1,121927764,0.5,1,13168422
2019,2,121927774,14,1,13168430
2019,4,121927803,23.6,1,13168458
2019,1,121927847,0.2,1,13168491
2019,16,121927978,3,9,13168570
2019,6,121927985,,,13168576
2019,8,121927988,1,9,13168577
2019,8,121927989,9.7,1,13168579
2019,1,121927989,5.5,1,13168578
2019,1,121927991,1,1,13168581
2019,8,121927998,270,9,13168584
2019,1,121927999,,,13168585
2019,1,121928001,26,1,13168587
2019,1,121928002,2,1,13168588
2019,14,121928003,0.5,9,13168589
2019,8,121928008,2.4,1,13168592
2019,12,121928013,,,13168595
2019,8,121928015,2,9,13168596
2019,12,121928016,1.8,1,13168597
2019,1,121928018,0.8,1,13168598
2019,12,121928020,,,13168600
2019,4,121928021,,,13168601
2019,4,121928022,52,1,13168603
2019,8,121928024,3,9,13168604
2019,2,121928027,1,1,13168605
2019,13,121928032,1,9,13168608
2019,17,121928038,3,9,13168610
2019,8,121928039,0.6,1,13168611
2019,1,121928047,,,13168618
2019,8,121928049,104,9,13168620
2019,4,121928051,,,13168622
2019,7,121928054,,,13168626
2019,5,121928053,,,13168625
2019,1,121928058,71,1,13168628
2019,8,121928058,40,1,13168629
2019,8,121928062,23491,9,13168630
2019,1,121928063,0.4,1,13168631
2019,8,121928067,6.2,1,13168634
2019,1,121928069,32,1,13168635
2019,4,121928069,10,1,13168636
2019,12,121928070,,,13168637
2019,4,121928071,,,13168638
2019,4,121928072,,,13168639
2019,13,121928075,3,9,13168641
2019,12,121928076,,,13168642
2019,4,121928080,0.3,1,13168644
2019,2,121928085,1,1,13168647
2019,17,121928089,44,9,13168651
2019,1,121928088,0.1,1,13168650
2019,8,121928092,8,9,13168653
2019,1,121928094,8,1,13168654
2019,1,121928097,2.3,1,13168656
2019,1,121928101,1.2,1,13168657
2019,4,121928106,2.2,1,13168660
2019,1,121928108,1.6,1,13168661
2019,1,121928110,23.2,1,13168662
2019,1,121928125,0.7,1,13168667
2019,16,121928130,,,13168668
2019,1,121928133,,,13168669
2019,4,121928142,,,13168670
2019,12,121928145,1,1,13168671
2019,16,121928148,,,13168672
2019,5,121928151,,,13168673
2019,5,121928168,,,13168675
2019,12,121928179,12,1,13168676
2019,7,121928180,,,13168677
2019,2,121928181,,,13168678
2019,2,121928187,127,1,13168680
2019,4,123178005,0.7,1,13508772
2019,1,123177977,2,1,13508757
2019,16,123177995,1,11,13508767
2019,1,123178149,,,13508831
2019,1,123178203,39,1,13508855
2019,8,123178203,3,1,13508856
2019,1,123178208,1,1,13508858
2019,8,123180315,1,1,13504768
2019,1,123180315,3.3,1,13504767
2019,5,123178222,10,1,13508861
2019,2,123178223,,,13504777
2019,2,123178224,3.3,1,13508862
2019,8,123168682,10,9,13501308
2019,8,123178243,5,9,13508866
2019,2,123178243,1,1,13508865
2019,8,123168938,1,9,13508885
2019,8,123178395,51,9,13508889
2019,2,123178395,101.005,1,13508888
2019,18,123178395,,,13508890
2019,5,123178426,2,1,13508896
2019,5,123178431,1,1,13508897
2019,16,123178492,5,9,13508905
2019,8,123178537,1,9,13501372
2019,8,123178561,,,13501377
2019,8,123177992,13,1,13508765
2019,2,123177999,58,1,13508768
2019,8,123178066,1,9,13508802
2019,16,123178073,,,13508804
2019,12,123168456,1.4,1,13501245
2019,15,123178088,,,13508810
2019,1,123178103,,,13508816
2019,1,123180265,2.1,1,13504753
2019,2,123178199,1,9,13508852
2019,16,123178199,1,9,13508853
2019,18,123178199,,,13508854
2019,12,123180279,1.1,1,13501297
2019,1,123180294,2.6,1,13504763
2019,8,123178247,24,9,13508867
2019,1,123178267,,,13508872
2019,5,123178342,,,13504824
2019,5,123169128,0,3,13501375
2019,8,123169128,79,9,13501376
2019,1,123180149,0.3,1,13501254
2019,4,123875738,0.4,1,13707628
2019,8,123879802,3.3,1,13707637
2019,16,123879847,14,9,13707645
2019,8,123884741,0.4,1,13707690
2019,12,123879975,,,13707704
2019,4,123875613,0.5,1,13707619
2019,1,123875613,0.097,1,13712555
2019,4,123875744,0.01,1,13697694
2019,16,123875752,10,9,13707630
2019,2,123875975,13,1,13697706
2019,8,123876034,134.3,1,13707658
2019,18,123876034,,,13707659
2019,1,123876034,1.5,1,13707657
2019,16,123879901,27,9,13697710
2019,12,123876132,0.3,1,13707667
2019,8,122203788,1,11,13234914
2019,1,122209977,0.3,1,13220817
2019,14,122209977,0.3,1,13220818
2019,1,122210361,0.4,1,13220861
2019,5,122210364,1,11,13220862
2019,16,122205777,1,1,13225124
2019,12,122209967,2.6,1,13220815
2019,8,122209967,7.6,1,13234916
2019,1,122210010,0.4,1,13220822
2019,12,122203888,,,13234924
2019,8,122203960,0.1,1,13234933
2019,1,122203960,0.055,1,13234932
2019,1,122210162,0.5,1,13220840
2019,5,122210316,1416,1,13220855
2019,5,122210332,1,1,13220857
2019,5,122210341,0.5,3,13220859
2019,4,124458475,,,13843740
2019,4,124451284,2.5,1,13836310
2019,1,124451163,,,13836269
2019,8,123875558,,,13707615
2019,4,123875555,0.25,1,13707614
2019,1,123178018,145,1,13508782
2019,4,123168541,,,13501269
2019,8,123178150,10,9,13508833
2019,4,123178150,4.004,1,13508832
2019,12,123178168,,,13508840
2019,2,123180224,,,13504738
2019,12,123178187,11.5,1,13508849
2019,8,123178187,325,1,13508848
2019,1,123178189,41,1,13508850
2019,4,123178207,,,13508857
2019,4,123168654,1,1,13501306
2019,5,123178314,,,13501351
2019,2,123180675,0.8,1,13501357
2019,5,123169063,,,13501368
2019,5,123178664,1,11,13508917
2019,1,123875527,1.74,1,13707610
2019,8,123875527,1,9,13707611
2019,2,123875758,0.9,1,13707631
2019,2,123854451,44.8,1,13697696
2019,1,123854451,21.2,1,13712564
2019,8,123884682,1.008,1,13697711
2019,15,123876146,3,9,13707668
2019,4,123876243,29.1,1,13707693
2019,15,123876253,2,9,13707707
2019,8,123876253,10,9,13707706
2019,1,123876253,2.5,1,13707705
2019,8,123884753,0.9,1,13707728
2019,12,123876292,2.75,1,13707738
2019,2,123879981,1.8,1,13712590
2019,16,123875638,10,9,13707622
2019,5,123875681,0.5,1,13707624
2019,12,123876240,0,1,13697723
2019,5,123876261,12.5,1,13707715
2019,12,123884750,,,13697730
2019,12,123876273,1.3,1,13712581
2019,8,123875534,2,9,13697689
2019,4,123875534,0.9,1,13697688
2019,1,123854403,0.046,1,13712554
2019,4,123854403,2.047,1,13697690
2019,1,123875926,32.38,1,13697703
2019,4,123854559,1,1,13697704
2019,5,123876084,,,13707663
2019,5,123876227,0.6,1,13707684
2019,12,123876247,,,13707697
2019,12,123876251,70.7,1,13697726
2019,12,123876263,,,13707717
2019,4,123876282,68.6,1,13707730
2019,2,123876291,526,1,13707737
2019,12,123876298,1.3,1,13707744
2019,12,123876309,,,13707754
2019,8,123876315,4.3,1,13707757
2019,5,123879804,10,1,13712565
2019,2,123879804,23.5,1,13707639
2019,1,123879804,29.005,1,13707638
2019,12,123875809,0.1,1,13707640
2019,4,123879829,,,13712567
2019,2,123875972,0.005,1,13707648
2019,17,123875989,0.3,1,13707651
2019,16,123875991,1,9,13707652
2019,12,123876249,,,13707702
2019,12,123876278,0.2,1,13712582
2019,5,123876288,2,1,13707736
2019,8,123879972,27.6,1,13712576
2019,12,123879973,0.7,1,13712577
2019,1,123876260,0.9,1,13707714
2019,16,123178060,,,13508799
2019,4,123180167,,,13504717
2019,12,123875551,0.5,1,13707613
2019,12,124458390,4.3,1,13843730
2019,4,124458390,364.9,1,13843729
2019,1,124458390,3.3,1,13843728
2019,4,124451278,,,13836306
2019,4,124451282,,,13836309
2019,12,124451348,0.4,1,13836342
2019,12,124451376,28,9,13836358
2019,4,124451385,,,13836364
2019,5,124458612,1,9,13836369
2019,5,124458621,,,13843804
2019,12,124458623,1,11,13843806
2019,4,124458624,,,13843807
2019,17,124458630,11,9,13843811
2019,1,123178037,2.2,1,13508789
2019,1,123178091,0.93,1,13508812
2019,1,123178101,0.9,1,13508815
2019,1,123180189,21.7,1,13504726
2019,4,123180189,24,1,13504727
2019,2,123178155,35.7,1,13508835
2019,16,123178184,15,9,13508847
2019,4,123180270,,,13504755
2019,8,123178228,1.005,1,13508864
2019,2,123178228,2.033,1,13504782
2019,8,123178228,1,9,13508863
2019,1,123178259,1.8,1,13508870
2019,8,123178259,1,9,13508871
2019,5,123178276,1,11,13508873
2019,5,123178277,1,1,13508874
2019,5,123178282,,,13508875
2019,8,123178310,8,9,13504817
2019,16,123180613,1,11,13504819
2019,12,123178512,,,13508906
2019,8,123875684,12,9,13707625
2019,17,123875684,2,9,13712562
2019,15,123875684,14,9,13712561
2019,1,123875891,0.06,1,13697701
2019,5,123875934,0.2,1,13707644
2019,7,123854575,28.5,9,13707646
2019,4,123875980,1.6,1,13697707
2019,1,123875980,1.6,1,13707649
2019,8,123876052,1,1,13707660
2019,13,123876123,1,9,13707666
2019,5,123884725,22,1,13712573
2019,8,123884727,1,1,13707683
2019,5,123884732,1,7,13697720
2019,1,123876237,0.5,1,13707686
2019,1,123876246,11.8,1,13707696
2019,1,123876250,1.1,1,13697725
2019,4,123876250,0.5,1,13712579
2019,5,123875595,,,13707617
2019,4,123884746,22,1,13712578
2019,4,123884748,116.6,1,13697727
2019,12,123876265,1,1,13697729
2019,8,123876269,0.8,1,13707721
2019,4,123876272,0.3,1,13707723
2019,8,123876284,1.5,1,13707732
2019,2,123876285,3.7,1,13707733
2019,12,123876287,28.9,1,13707735
2019,12,123876296,8.1,1,13707743
2019,8,123876303,1,9,13707749
2019,1,123876303,3.2,1,13707747
2019,4,123876303,6.6,1,13707748
2019,1,123876307,0.5,1,13707752
2019,16,112085257,,,10629732
2019,5,112089674,,,10636548
2019,8,112085390,0.2,1,10631729
2019,1,112085390,5.5,1,10631728
2019,5,112078618,1,7,10636560
2019,1,115779262,1,11,11311266
2019,12,115769387,1,11,11321281
2019,2,115779371,0.55,1,11321285
2019,3,115779383,1,3,11311300
2019,5,115779383,2,3,11321288
2019,17,115774647,8,9,11316310
2019,8,115774647,7,9,11316309
2019,8,115779731,2,9,11316336
2019,18,115779731,,,11321339
2019,1,115779731,3.6,1,11316335
2019,1,115769988,1,9,11321352
2019,12,115770188,0.3,1,11321385
2019,1,115770212,0.2,1,11321402
2019,2,115770277,,,11311458
2019,1,115769357,0,1,11321263
2019,18,115779424,,,11316287
2019,16,115779424,7,9,11311307
2019,13,115779424,30,9,11316286
2019,16,115774645,1,9,11311336
2019,16,115774659,8,9,11311341
2019,5,115769793,12,9,11321333
2019,8,115779878,3,9,11311379
2019,12,115779878,3,1,11321357
2019,5,115779878,0.01,1,11316354
2019,8,115770181,0.5,1,11311413
2019,14,112078728,3,9,10636574
2019,16,115779240,6.005,9,11321256
2019,15,115779240,1,1,11321255
2019,8,115769260,1,9,11321258
2019,5,115774280,0.5,1,11316260
2019,5,115774432,128.7,1,11311302
2019,8,115769599,2,9,11316304
2019,8,115769763,1,1,11316325
2019,5,115774786,8.6,1,11311365
2019,12,115769958,18,9,11321347
2019,5,115770018,,,11316351
2019,16,115774952,1,11,11321354
2019,5,115774977,0.6,3,11316356
2019,2,115774253,0.5,1,11311261
2019,1,115769470,6.2,1,11321294
2019,1,115769699,99.008,1,11316319
2019,2,115769699,268.003,1,11311347
2019,18,115769699,,,11311349
2019,7,115779697,1,9,11316329
2019,8,115769863,20,9,11316340
2019,5,115769933,1,1,11316345
2019,16,115779823,30,9,11316348
2019,5,115779881,,,11321360
2019,12,115770153,1.7,1,11321365
2019,4,115779961,0.4,1,11316371
2019,8,115770173,0.6,1,11316381
2019,1,115779973,,,11321388
2019,16,115770207,10,9,11316415
2019,12,115780009,,,11321406
2019,12,115770255,,,11316434
2019,1,115779369,0.29,1,11316276
2019,8,115779369,0.1,1,11321283
2019,16,115774489,3,9,11311315
2019,1,115779514,1.5,1,11316301
2019,1,115779544,1,9,11321312
2019,5,115779601,5.46,1,11316316
2019,1,115779614,0.48,1,11321324
2019,16,115779614,7,9,11321326
2019,8,115779614,0.8,1,11321325
2019,8,115774808,3,9,11321338
2019,12,115774808,5,9,11311368
2019,12,115774808,1,11,11311369
2019,13,115779943,6,9,11321361
2019,1,115779970,2,1,11321384
2019,1,115770197,0.2,1,11316405
2019,12,115779429,5,9,11311312
2019,8,115774653,36.013,1,11311339
2019,1,115774653,100.066,1,11311338
2019,4,115769762,2.047,1,11316324
2019,1,115769762,0.046,1,11316323
2019,4,115769826,0.8,1,11321340
2019,16,115770048,38,9,11316360
2019,1,115775100,0.8,1,11311403
2019,1,115779983,244,1,11311435
2019,4,115779983,12.2,1,11311436
2019,5,115769231,10.183,3,11316253
2019,3,115769231,5.5,1,11311253
2019,2,115774381,1,11,11316266
2019,16,115774651,0.77,1,11321317
2019,16,115774651,1,9,11321316
2019,8,115769807,3,9,11316332
2019,5,115770160,2.8,1,11316366
2019,8,115775108,5.4,1,11311412
2019,2,115775147,1.8,1,11311451
2019,16,115774227,63,1,11321252
2019,16,115769370,10,9,11311281
2019,4,115779360,0.7,1,11316271
2019,5,115779360,8.09,3,11321278
2019,8,115779360,8.9,1,11311286
2019,5,115769388,13.56,1,11311290
2019,8,115774445,1,1,11311305
2019,5,115779615,0.02,3,11311351
2019,7,115769760,9,9,11321329
2019,5,115769760,0.1,3,11316322
2019,4,115769836,1,1,11316338
2019,1,115769898,2.1,1,11316343
2019,1,115769955,,,11311375
2019,8,115775043,9,1,11316363
2019,2,115775043,3.25,1,11316362
2019,16,115775112,1,5,11311416
2019,8,115779975,0.4,1,11316398
2019,2,115775137,0.3,1,11311444
2019,12,115775168,,,11311456
2019,1,115779362,0.28,1,11311289
2019,5,115769420,1,3,11311297
2019,12,115774465,2,9,11311310
2019,8,115774465,1,9,11311309
2019,14,115774465,5,9,11311311
2019,8,115774605,18,1,11316307
2019,2,115769635,1,11,11311333
2019,16,115774627,5,9,11311334
2019,5,115774978,1,11,11311383
2019,5,115779887,1,11,11311389
2019,5,115774367,79.378,1,11311276
2019,8,115779348,1,9,11321264
2019,18,115774374,,,11316263
2019,2,115774374,1,1,11311279
2019,8,115774374,8.5,9,11321265
2019,2,115769371,0,1,11321270
2019,16,115769383,10,9,11311287
2019,8,115779367,,,11316273
2019,5,115769411,3,1,11316281
2019,4,115774413,,,11311298
2019,15,115774491,,,11316291
2019,1,115779491,0.78,1,11321308
2019,8,115779512,1,9,11321309
2019,1,115769684,0.93,1,11321319
2019,8,115779604,5.004,1,11321321
2019,8,115779879,3,9,11321359
2019,5,115775084,4,1,11311394
2019,2,115775092,0.7,1,11316367
2019,8,115779978,78.8,1,11316402
2019,4,115770210,,,11316417
2019,8,115770226,5,9,11321403
2019,8,115775143,4,9,11311449
2019,2,115774266,1,11,11311267
2019,16,115769399,56,9,11311296
2019,2,115769480,0.02,1,11311308
2019,16,115774668,1,9,11311350
2019,16,115769888,2,9,11321345
2019,12,115769899,0.4,1,11316344
2019,2,115779827,1.6,1,11321349
2019,4,115770046,1,11,11316357
2019,18,115770046,,,11316359
2019,12,115770046,0.2,1,11316358
2019,8,115775032,3,9,11311391
2019,1,115775116,2.1,1,11321383
2019,4,115770265,0.7,1,11316436
2019,8,112085256,0.11,1,10631714
2019,8,112085377,12.006,1,10631727
2019,1,112085377,0.021,1,10629745
2019,5,112089957,91,1,10629764
2019,4,112089957,7,1,10629763
2019,4,112085319,0.21,1,10636550
2019,4,112085417,,,10629750
2019,2,112078642,0.5,1,10636561
2019,16,112078726,,,10636572
2019,5,112089992,,,10629772
2019,18,120570733,,,12856265
2019,4,120570733,119.074,1,12842279
2019,8,120570733,57.095,1,12856264
2019,14,120576561,,,12842309
2019,12,120576579,1,1,12860490
2019,8,120576579,20,9,12860489
2019,1,120576393,0.5,1,12842285
2019,8,120576393,0.2,1,12842286
2019,12,121012609,4,1,12957838
2019,1,121020551,1,1,12945055
2019,5,121012381,,,12951207
2019,8,121012484,6,9,12957829
2019,2,121012845,1.6,1,12945069
2019,5,121012945,1,1,12951296
2019,16,121012956,,,12951298
2019,4,121020658,52.4,1,12945077
2019,4,118346489,23.8,1,11977607
2019,2,118346489,5.8,1,12112472
2019,16,118605342,1,11,11973005
2019,16,118605342,6,9,11977752
2019,12,118610162,1,9,12112598
2019,8,118610166,,,11973009
2019,5,118610214,1,1,12112604
2019,5,118610225,2,9,12112610
2019,5,118347332,0.19,3,11977759
2019,8,118610112,,,12112594
2019,16,118610226,99,9,12112611
2019,12,118610233,0.19,1,11973017
2019,16,118347498,,,11977781
2019,8,118347509,137,1,12112622
2019,7,118347509,4,1,12112621
2019,16,118347509,2,1,11977783
2019,16,118347521,1,9,11977785
2019,12,118347521,0.5,1,11977784
2019,4,118347526,0.5,1,11977786
2019,12,118347532,0.39,1,11977788
2019,3,118347533,1,1,11977789
2019,16,118347537,,,11977790
2019,12,118347541,5.2,1,11977791
2019,5,118347545,,,11977792
2019,5,118347547,,,11977794
2019,17,118347550,1,9,11977795
2019,8,118347553,2.5,9,11977797
2019,4,118347553,0.25,1,11977796
2019,5,118347557,1,9,11977798
2019,5,118347560,6.4,3,11977799
2019,1,118347572,,,11977801
2019,8,118346500,1,9,11977611
2019,5,118604844,23,1,12112522
2019,12,118604844,2.85,1,11972937
2019,8,118609748,72.2,1,12112525
2019,1,118609748,13.7,1,11972947
2019,2,118604894,198,1,11972948
2019,4,118604894,33,1,11972949
2019,12,121020658,29.5,1,12945078
2019,1,120570785,2.092,1,12860464
2019,8,120576451,2,9,12842295
2019,11,120570842,1,10,12860474
2019,15,120568608,270,9,12860556
2019,12,120576667,0.3,1,12856289
2019,18,120567971,,,12856263
2019,1,120567971,48,1,12860441
2019,4,120567971,5,9,12860442
2019,4,120570752,3.008,1,12842284
2019,8,120570752,5,9,12856266
2019,8,123178006,2,9,13508773
2019,12,123178006,1,11,13508774
2019,1,123178025,0.4,1,13508786
2019,8,123178020,149,9,13504703
2019,1,123178117,0.6,1,13508820
2019,17,123178118,34.4,1,13508824
2019,4,123178118,56.23,1,13508823
2019,2,123178118,221.15,1,13508822
2019,1,123178129,0.11,1,13508826
2019,8,123178134,0.5,1,13504733
2019,4,123178173,,,13508842
2019,8,123180556,1.6,1,13504815
2019,5,123168940,0.5,3,13501356
2019,4,123178397,1.052,1,13508893
2019,2,123178397,0.01,1,13508892
2019,1,123178397,0.091,1,13508891
2019,4,123178542,,,13508911
2019,4,123169109,,,13501374
2019,13,123178553,4,9,13508912
2019,4,123177982,5.4,1,13504688
2019,1,123180118,0.8,1,13504692
2019,15,123178022,3,9,13504704
2019,4,123180140,8.1,1,13504705
2019,16,123178051,2,9,13508798
2019,1,123180154,2.3,1,13508803
2019,2,123168498,0.78,1,13508805
2019,18,123168498,,,13508807
2019,15,123168498,8,9,13508806
2019,4,123168537,10,1,13501268
2019,1,123178146,0.6,1,13501271
2019,8,123178164,12.009,1,13508837
2019,13,123178164,14,9,13508838
2019,16,123178182,2.8,1,13508845
2019,1,123178182,0.3,1,13508844
2019,5,123178455,1,11,13508899
2019,5,123169042,,,13501365
2019,5,123178496,5,1,13501370
2019,5,123178533,0.15,1,13508909
2019,8,123178536,,,13508910
2019,5,123178655,1,1,13508916
2019,13,123169227,10,9,13501384
2019,5,123178712,3,1,13501387
2019,16,121012650,1,1,12951246
2019,15,121012768,21,9,12951270
2019,1,121012768,1,1,12951268
2019,4,121012768,1,1,12951269
2019,5,121020557,0.6,1,12951273
2019,1,123178098,1,1,13508814
2019,12,123178116,,,13508821
2019,8,123169140,4,9,13501378
2019,18,123169265,,,13504845
2019,4,123169265,0.6,1,13504844
2019,1,123169265,0.2,1,13504843
2019,17,123178733,2,1,13508928
2019,4,123178733,3.2,1,13504847
2019,13,123178733,2.2,1,13508927
2019,16,123178760,2.5,9,13508932
2019,4,122209907,,,13220804
2019,2,122209908,4.5,1,13220805
2019,1,122209931,1.074,1,13220809
2019,2,122209931,0.26,1,13220810
2019,4,122209931,1.33,1,13220811
2019,2,122209955,1,1,13220812
2019,8,122209998,1,9,13220819
2019,12,122210017,0.8,1,13220825
2019,8,122210017,11.5,9,13220824
2019,4,122210017,1.1,1,13220823
2019,2,122210041,0.1,1,13220826
2019,5,122210041,2,9,13220827
2019,1,122210051,0.3,1,13220828
2019,5,122210085,,,13220831
2019,6,122210114,1,9,13220834
2019,8,122210114,1.1,1,13220835
2019,12,122210114,1.2,1,13220836
2019,4,122203955,,,13220837
2019,1,122210133,,,13220839
2019,4,122204011,0.38,1,13234938
2019,4,122210251,0.3,1,13220846
2019,1,122210251,0.2,1,13220845
2019,1,122204052,0.83,1,13234947
2019,16,122210275,8,9,13220847
2019,15,122210277,,,13220848
2019,15,122210281,6,9,13220849
2019,2,122210286,,,13234952
2019,5,122210298,1,11,13234954
2019,16,122210301,7.4,1,13220852
2019,16,122210311,1,9,13220854
2019,5,122210334,1,3,13220858
2019,5,122210347,8,1,13220860
2019,12,121012419,0.4,1,12951213
2019,5,121020427,,,12945038
2019,4,122209913,0.065,1,13220806
2019,12,122210022,5.9,1,13234922
2019,16,122210022,8,9,13234923
2019,1,122203944,0.62,1,13220833
2019,1,122203950,0.2,1,13234931
2019,1,122210131,0.4,1,13220838
2019,12,122210204,,,13220844
2019,14,122210289,3,9,13220851
2019,1,122210289,1,1,13220850
2019,16,121012384,1,11,12951208
2019,4,121012450,0.001,1,12951215
2019,12,121012693,0.15,1,12951255
2019,1,121020559,1.8,1,12945056
2019,8,121020559,2.2,1,12957849
2019,8,121020569,160,5,12945060
2019,2,121012500,1,11,12951223
2019,12,121012453,1,1,12957826
2019,1,121016197,1,1,12957842
2019,5,121016226,1,11,12957847
2019,1,121020562,0.7,1,12945057
2019,11,121020576,0.4,3,12945063
2019,5,121016089,2,3,12957823
2019,16,121016089,1,9,12957824
2019,4,121020379,1,1,12951224
2019,8,121020411,0.25,9,12951232
2019,8,121020432,5.1,1,12945039
2019,8,121016179,0.35,1,12945044
2019,2,121016179,0.12,1,12945043
2019,8,121020482,6.3,1,12945046
2019,16,121012652,3,9,12951247
2019,8,121016194,1,1,12945047
2019,12,121020571,4.6,1,12957853
2019,4,121020571,4.9,1,12957852
2019,17,121020571,1,9,12945062
2019,5,121020597,1,3,12945067
2019,5,121020639,,,12945075
2019,1,119522870,2.008,1,12503362
2019,5,119522902,1,3,12509814
2019,2,119529587,64,1,12503364
2019,12,119522919,0.4,1,12517853
2019,4,119529673,1,9,12503371
2019,18,119529685,,,12517883
2019,1,119529685,3,9,12517881
2019,16,119529685,11,9,12517882
2019,1,119529714,0.2,1,12503376
2019,4,119529724,1,11,12503383
2019,8,119529724,1,9,12503384
2019,4,119529724,0.001,1,12503382
2019,5,119529730,1,11,12503386
2019,4,119523220,4,1,12509859
2019,1,119523220,4.2,1,12509858
2019,12,119529751,1.1,1,12503394
2019,1,119526779,2.04,1,12517902
2019,6,119529757,2,9,12509870
2019,8,119529760,1,1,12503397
2019,4,119523246,0.7,1,12517912
2019,4,119526824,24.5,1,12517937
2019,1,119526824,10.4,1,12517936
2019,12,119529788,1,1,12503422
2019,1,119526832,3.4,1,12517940
2019,1,119529802,30.6,1,12503434
2019,2,119529802,15.7,1,12503435
2019,1,119529804,,,12503437
2019,4,119529810,228.5,1,12503443
2019,4,119529620,0.1,1,12503366
2019,8,119529620,3,1,12503367
2019,8,119523134,1,9,12517880
2019,8,119529682,,,12503372
2019,12,119529770,3,9,12517916
2019,12,119529770,1,11,12517917
2019,8,119529770,1,11,12503410
2019,12,119523261,,,12509894
2019,8,119526810,1.1,1,12517927
2019,12,119526817,1,9,12509902
2019,8,119523270,2,9,12517931
2019,12,119529794,12,1,12503428
2019,12,119529795,,,12503429
2019,4,119529808,,,12503442
2019,4,119529812,,,12503445
2019,4,119529814,9.4,1,12503446
2019,1,119529816,0.5,1,12503448
2019,1,119529818,0.3,1,12503451
2019,1,119529820,1,1,12517974
2019,4,119529822,1,1,12503457
2019,1,119523363,0.7,1,12509974
2019,8,119529826,3,9,12503464
2019,8,119529826,0.2,1,12503465
2019,1,119526901,0.8,1,12517989
2019,1,119529828,0.6,1,12503468
2019,7,120568099,0.9,1,12842290
2019,1,120568099,1,1,12860454
2019,18,120568099,,,12860456
2019,12,120570800,,,12856274
2019,8,120568187,1,9,12860466
2019,8,120568219,2.5,9,12842298
2019,4,120568290,11,1,12860475
2019,5,120568303,10.9,3,12860478
2019,5,120568337,,,12860482
2019,5,120568509,3,1,12860500
2019,1,120568534,2.6,1,12860513
2019,8,120568534,0.6,1,12860514
2019,1,120568598,0.3,1,12860551
2019,2,120568641,3.4,1,12860575
2019,4,118347018,,,11977714
2019,16,118346952,1,9,12112566
2019,12,118346952,9,9,12112565
2019,1,118605259,1,1,11972998
2019,17,118347214,7,9,11977736
2019,16,118610063,2,9,12112586
2019,16,121928197,,,13168681
2019,4,121928201,,,13168682
2019,4,121928210,0.93,1,13168683
2019,4,121928211,,,13168684
2019,5,121928231,,,13168685
2019,12,121928235,0.6,1,13168687
2019,4,121928235,2.4,1,13168686
2019,12,121928250,0.9,1,13168690
2019,17,121928251,151.5,9,13168692
2019,4,121928251,1.1,1,13168691
2019,8,121928254,60,1,13168693
2019,5,121928259,,,13168696
2019,12,121928262,0.2,1,13168697
2019,4,121928265,,,13168698
2019,8,123180161,9,9,13508808
2019,4,123180233,1,1,13504741
2019,4,123168606,,,13501289
2019,4,123178198,1.5,1,13508851
2019,1,123180327,0.073,1,13504774
2019,8,123180327,1.21,1,13504775
2019,1,123168718,0.74,1,13501315
2019,17,123180390,3,9,13504787
2019,16,123180390,24.525,9,13504786
2019,12,123180390,5.5,1,13504785
2019,8,123180411,8,9,13504790
2019,13,123180411,1,9,13504791
2019,1,123180411,1,1,13504789
2019,1,123180498,0.4,1,13504807
2019,4,123180624,,,13504821
2019,8,123180880,5,9,13504842
2019,5,123178755,1,11,13508931
2019,4,121927004,2,1,13168327
2019,16,121927016,1,9,13168328
2019,16,121927065,2,9,13168331
2019,2,121927107,2.3,1,13168332
2019,4,121927107,8.001,1,13168333
2019,16,121927135,1,11,13168334
2019,4,121927157,1,11,13168335
2019,8,121927167,1,9,13168336
2019,16,121927185,4,9,13168337
2019,12,121927192,1,9,13168338
2019,12,121927192,50,5,13168339
2019,8,121927193,2,1,13168340
2019,16,121927200,6.7,1,13168342
2019,12,121927200,27.8,1,13168341
2019,1,121927206,0.2,1,13168343
2019,9,121927206,1,9,13168345
2019,4,121927206,1,1,13168344
2019,16,121927214,34,9,13168346
2019,5,121927215,57.8,1,13168347
2019,8,121927227,1,9,13168348
2019,2,121927236,1,11,13168350
2019,4,121927238,5,1,13168351
2019,12,121927255,0.002,1,13168353
2019,4,121927255,0.64,5,13168352
2019,16,121927255,62,9,13168354
2019,8,121927306,,,13168355
2019,8,121927312,,,13168356
2019,5,121927318,1,11,13168357
2019,16,121927343,1,1,13168359
2019,16,121927343,16,9,13168358
2019,18,121927343,,,13168360
2019,5,121927383,3,1,13168361
2019,5,121927384,,,13168362
2019,5,121927407,0.23,3,13168364
2019,3,121927407,0.375,3,13168363
2019,8,121927422,7.061,1,13168365
2019,15,121927433,,,13168366
2019,16,121927472,0.001,7,13168367
2019,4,121927492,1.7,1,13168368
2019,12,121927492,0.5,1,13168369
2019,5,121927497,0.235,3,13168370
2019,12,121927506,0.4,1,13168371
2019,16,121927506,0.4,1,13168373
2019,16,121927506,1,9,13168372
2019,1,121927560,1,1,13168375
2019,16,121927560,1,9,13168376
2019,18,121927568,,,13168379
2019,4,121927568,71.094,1,13168377
2019,8,121927568,1,1,13168378
2019,12,121927570,2,1,13168380
2019,8,121927579,0.026,1,13168381
2019,4,121927584,0.5,1,13168382
2019,12,121927648,1.5,1,13168383
2019,5,121927674,10,4,13168384
2019,15,121927719,0.1,3,13168386
2019,5,121927719,0.387,3,13168385
2019,8,121927720,5.5,9,13168387
2019,8,121927720,12,1,13168388
2019,1,121927723,3.9,1,13168389
2019,12,121927724,1.8,1,13168390
2019,8,121927725,2,9,13168391
2019,12,121927728,1.9,1,13168393
2019,2,121927728,0.3,1,13168392
2019,1,121927733,1,1,13168398
2019,2,121927734,28,1,13168399
2019,4,121927735,0.5,1,13168400
2019,1,121927732,0.6,1,13168397
2019,4,121927736,,,13168401
2019,12,121927740,1,11,13168403
2019,1,121927739,,,13168402
2019,8,121927741,3.4,1,13168404
2019,2,121927747,0.5,1,13168408
2019,16,121927748,0.7,1,13168410
2019,1,121927748,1,11,13168409
2019,12,121927746,,,13168407
2019,1,121927749,1.8,1,13168411
2019,8,121927751,16,1,13168412
2019,12,121927755,,,13168415
2019,1,121927756,22.4,1,13168416
2019,8,121927758,52.3,1,13168417
2019,1,121927760,,,13168419
2019,8,121927762,0.1,1,13168420
2019,1,121927763,0.6,1,13168421
2019,1,121927765,2.5,1,13168423
2019,1,121927767,0.5,1,13168425
2019,12,121927768,1,11,13168426
2019,8,121927769,2.3,1,13168427
2019,4,121927775,,,13168431
2019,1,121927777,1,1,13168433
2019,1,121927778,1,1,13168434
2019,1,121927776,1.5,1,13168432
2019,4,121927779,1,1,13168435
2019,4,121927780,0.8,1,13168436
2019,16,121927781,10,9,13168437
2019,1,121927782,1,1,13168438
2019,1,121927785,0.4,1,13168440
2019,8,121927784,1,1,13168439
2019,2,121927786,1,1,13168441
2019,1,121927787,0.2,1,13168442
2019,4,121927787,0.4,1,13168443
2019,4,121927788,,,13168444
2019,8,121927790,,,13168445
2019,8,121927791,,,13168446
2019,1,121927792,1.7,1,13168447
2019,15,121927794,2,9,13168449
2019,17,121927794,2,9,13168450
2019,5,121927797,0.5,3,13168451
2019,4,121927798,0.7,1,13168453
2019,4,121927799,0.1,1,13168454
2019,8,121927801,10,1,13168456
2019,8,121927802,1.1,1,13168457
2019,8,121927805,0.6,1,13168459
2019,12,121927806,0.5,1,13168460
2019,1,121927807,0.6,1,13168461
2019,5,121927808,1,9,13168462
2019,4,121927813,0.5,1,13168466
2019,4,121927815,0.9,1,13168467
2019,1,121927816,0.2,1,13168468
2019,1,121927817,0.3,1,13168469
2019,12,121927819,1,1,13168471
2019,1,121927818,1,1,13168470
2019,8,121927820,0.3,1,13168472
2019,12,121927824,2,1,13168475
2019,8,121927822,1,1,13168474
2019,2,121927822,1,1,13168473
2019,4,121927827,0.3,1,13168478
2019,4,121927828,,,13168479
2019,12,121927834,1,1,13168482
2019,4,121927835,0.5,1,13168483
2019,2,121927836,,,13168484
2019,1,121927841,,,13168485
2019,1,121927846,0.6,1,13168490
2019,1,121927851,0.6,1,13168492
2019,1,121927852,0.7,1,13168493
2019,1,121927854,,,13168495
2019,4,121927858,1,1,13168498
2019,1,121927859,0.4,1,13168499
2019,8,121927857,8.2,1,13168497
2019,1,121927860,,,13168500
2019,4,121927861,,,13168501
2019,17,121927865,6,9,13168504
2019,8,121927868,5,9,13168506
2019,2,121927866,,,13168503
2019,4,121927878,2,1,13168510
2019,8,121927880,401,9,13168512
2019,8,121927891,7.8,1,13168515
2019,1,121927892,,,13168516
2019,12,118609576,4,1,12112473
2019,4,118346493,2.4,1,11977609
2019,18,118346600,,,11977660
2019,2,118346600,0.1,1,11977658
2019,12,118346600,0.6,1,11977659
2019,2,118346628,1.1,1,11972930
2019,16,118346647,,,11977670
2019,18,118346673,,,11977673
2019,1,118346673,106.4,1,12112524
2019,2,118346673,11,1,11972944
2019,8,118346687,0.1,1,11977676
2019,5,118609793,15.6,1,11977685
2019,12,118609810,0.5,1,12112543
2019,8,118609810,0.5,1,12112542
2019,16,118346786,6,9,11972964
2019,13,118346867,4,9,11977693
2019,16,118346867,3,9,12112559
2019,8,118609892,2,9,12112563
2019,1,118346937,1.3,1,11972983
2019,8,118605129,7.008,1,11977701
2019,15,118347089,,,11977720
2019,5,118610158,57,1,12112596
2019,8,118346511,1,11,11977621
2019,12,118604674,0.3,1,11972882
2019,1,118604681,1,1,11972885
2019,16,118605008,12.7,1,11972968
2019,5,118605008,22.001,1,11972967
2019,4,118609834,0.5,1,12112550
2019,1,118609834,2,1,12112549
2019,2,118346880,2.8,1,11977694
2019,8,118346928,2,9,11977698
2019,4,118609953,0.75,1,12112572
2019,16,118605280,30,9,11973000
2019,5,118347141,1,11,11977728
2019,8,118605286,10,9,11973001
2019,4,118605319,1,1,11977735
2019,5,118610035,0.13,3,12112583
2019,16,118347475,13.3,9,11977779
2019,2,118347475,12,1,12112606
2019,9,118347475,4,9,12112607
2019,14,118610247,1,9,12112614
2019,8,118604858,0.1,1,11972942
2019,1,118346764,1.2,1,11972959
2019,8,118346764,9,9,11977688
2019,4,118605246,4.5,1,11972994
2019,8,118605246,1,9,11972995
2019,16,118605246,10.007,1,11972996
2019,4,118347084,,,11977719
2019,16,118605257,,,11972997
2019,8,118610005,4,9,12112581
2019,8,118610005,0.2,1,12112582
2019,4,118605310,1,9,11973003
2019,16,118347282,0.62,1,11977744
2019,1,118347282,1,11,11977742
2019,8,118347282,1,11,11977743
2019,2,121020355,,,12945031
2019,1,121020540,1,1,12945052
2019,2,121016228,1,1,12951272
2019,2,121016231,1.2,1,12957850
2019,1,121012798,0.1,1,12945061
2019,16,121012832,9,9,12951277
2019,5,121020600,0.1,3,12945068
2019,4,121016260,2,9,12957859
2019,1,121016260,0.3,1,12957858
2019,8,121020643,29,1,12945076
2019,2,121012951,0.5,1,12951297
2019,4,121016108,7.1,1,12945032
2019,17,121016108,1,9,12951218
2019,1,121016108,14.3,1,12951217
2019,4,121016100,28,1,12957825
2019,8,121020462,0.5,1,12945041
2019,4,121020462,0.1,1,12945040
2019,12,121020462,1,1,12945042
2019,8,121016169,1,9,12957836
2019,12,121016169,1,9,12957837
2019,8,121016183,0.19,1,12957839
2019,12,121012646,,,12951244
2019,16,121020421,3,9,12945035
2019,5,121012568,1,9,12951238
2019,5,121016242,0.607,3,12957854
2019,2,121016242,0,1,12945065
2019,5,121016256,,,12957857
2019,8,121016258,0.5,9,12951283
2019,4,121016263,0.5,1,12957860
2019,16,121016272,80,9,12957862
2019,15,121016272,0.5,9,12951290
2019,4,121016281,0.5,1,12957864
2019,5,121012925,1,1,12945073
2019,4,121012976,0.5,1,12957870
2019,12,121012976,0.5,1,12951301
2019,4,121012980,9.3,1,12951303
2019,12,121012980,0.2,1,12951304
2019,1,121020503,3.79,1,12945048
2019,5,121012687,0.65,3,12951253
2019,1,121016212,0.8,1,12957844
2019,1,121016224,1,1,12957846
2019,4,121927894,3,1,13168518
2019,12,121927896,0.8,1,13168520
2019,8,121927895,1,1,13168519
2019,12,121927898,,,13168521
2019,1,121927905,0.2,1,13168523
2019,1,121927906,55.6,1,13168524
2019,12,121927907,8,1,13168525
2019,12,121927908,1,1,13168526
2019,4,121927914,4.2,1,13168528
2019,1,121927917,0.4,1,13168530
2019,5,115779307,28.35,1,11311273
2019,4,115769458,10.008,1,11311306
2019,1,115769555,2.85,1,11321304
2019,1,115779609,5.058,1,11311346
2019,18,115779609,,,11311348
2019,8,115779609,13.003,1,11321323
2019,4,115770172,2.1,1,11311404
2019,17,115775155,1,9,11316430
2019,5,112089893,0.01,1,10629755
2019,5,112078736,1,9,10636577
2019,16,112078741,,,10636578
2019,15,112085241,11,9,10629729
2019,12,112089950,1,11,10636567
2019,1,112085254,0.34,1,10631713
2019,5,112089627,1,11,10631718
2019,1,112078523,0.066,1,10636551
2019,12,112085264,15,9,10636541
2019,8,112085316,0.29,1,10629739
2019,1,112085316,0.081,1,10629738
2019,1,112078539,0.32,1,10636552
2019,4,112078539,0.094,1,10636553
2019,5,112085406,1,11,10631730
2019,5,112078718,1,1,10636571
2019,4,112085545,1.1,1,10631746
2019,1,124513386,,,13854755
2019,1,119522917,2.071,1,12509815
2019,8,119522932,,,12509818
2019,4,119522942,1,11,12509820
2019,12,119522981,2,1,12509821
2019,5,119526539,0.5,1,12517862
2019,8,119523107,,,12509825
2019,5,119523110,3,1,12509827
2019,5,119523110,1,9,12509826
2019,16,119529688,8,9,12509832
2019,8,119523147,1,11,12509834
2019,8,119526738,2,9,12503375
2019,16,119526738,3,9,12509837
2019,1,119523159,0.02,1,12503378
2019,2,119523215,2,1,12517890
2019,8,119526770,34.6,1,12509857
2019,4,118610123,1,9,12112595
2019,5,118347435,6,1,11973010
2019,17,115769256,1,11,11311263
2019,8,115769256,1,9,11311262
2019,8,115779356,0.29,1,11321271
2019,16,115779356,19,9,11316269
2019,8,115779379,1,11,11321286
2019,17,115779379,10.2,1,11321287
2019,13,115769452,105,1,11311304
2019,2,115769590,1,1,11311326
2019,5,115769590,1,11,11311327
2019,17,118610183,,,12112599
2019,16,118347449,1.1,1,11977774
2019,2,118347461,4,1,11977777
2019,16,118610202,1.9,1,12112601
2019,5,118610218,0.8,1,12112605
2019,16,118610240,,,12112613
2019,12,118610275,2.17,1,12112620
2019,2,115769596,2.4,1,11316303
2019,4,118610275,7.257,1,12112619
2019,1,115774586,14.48,1,11311330
2019,1,115779529,0.001,1,11321311
2019,5,115779581,76.033,3,11311335
2019,1,115779687,8.6,1,11311360
2019,4,115779687,2.8,1,11311362
2019,16,115779687,3,9,11311363
2019,8,115769877,13,9,11321343
2019,16,115770045,2.001,1,11311382
2019,8,115770045,0.001,1,11311381
2019,2,115775089,1645,1,11311395
2019,1,115770180,2.3,1,11311407
2019,4,115775113,,,11311417
2019,8,115779971,15,1,11316391
2019,4,115779984,,,11316409
2019,1,115770206,0.4,1,11316414
2019,1,115770211,0.4,1,11321401
2019,1,115775146,0.03,1,11311450
2019,2,112085531,,,10631741
2019,12,112085500,,,10631738
2019,5,112078615,1,3,10636558
2019,8,112078735,,,10636576
2019,5,112085546,,,10631747
2019,2,115769358,5.29,1,11316261
2019,8,115769358,2.78,1,11311277
2019,6,115769390,1,9,11321282
2019,12,115769390,2,9,11311292
2019,8,115769390,0.5,9,11311291
2019,16,115774402,9,9,11311294
2019,12,115774526,1.5,1,11311318
2019,8,115779483,1,11,11316296
2019,16,115779483,1,11,11311319
2019,4,115779488,0.2,1,11321307
2019,1,115779488,0.3,1,11311321
2019,1,115779596,0.19,1,11321320
2019,2,115770161,0.3,1,11321366
2019,8,115780029,1,9,11321417
2019,4,115780029,8.9,1,11321416
2019,1,115780029,49.3,1,11321415
2019,8,116718555,2,9,11590386
2019,4,116722676,1,1,11597862
2019,12,116718618,6,9,11561093
2019,15,116722746,4,1,11597877
2019,2,116722748,0.2,1,11597878
2019,8,116722880,1,9,11597903
2019,1,116718768,2.001,1,11561118
2019,5,116718992,15,1,11561154
2019,15,116719014,143.5,9,11590503
2019,12,116719018,0.1,1,11561159
2019,17,116728101,1,1,11561162
2019,18,116728129,,,11590516
2019,9,116728129,1,11,11590515
2019,5,116728129,2.795,3,11590514
2019,11,116723153,3.3,1,11561184
2019,16,116718661,,,11561102
2019,4,116727515,,,11590428
2019,4,116727554,,,11590437
2019,17,116722972,9,9,11597916
2019,12,116722972,3.6,1,11561126
2019,8,116722999,,,11597923
2019,5,116728007,,,11590484
2019,2,116719015,2.1,1,11561158
2019,2,116719021,0.3,1,11561163
2019,16,116728145,0.3,1,11561172
2019,12,116728145,1,9,11590519
2019,5,116719086,1,1,11590531
2019,5,116727318,0.3,1,11590401
2019,8,116727352,60,9,11590407
2019,1,116718742,0.2,1,11561115
2019,8,116722925,1,9,11597911
2019,2,116727524,,,11590430
2019,12,116718831,1,1,11561128
2019,5,116718985,15,1,11561153
2019,16,116719030,1,11,11561168
2019,4,116728241,,,11590539
2019,5,116719119,1.2,3,11561185
2019,16,116727335,,,11590404
2019,16,116727386,11,9,11590410
2019,15,116727386,58,9,11561098
2019,5,116718650,1,1,11561100
2019,16,116718866,0.01,1,11590449
2019,16,116718962,0.48,1,11561149
2019,16,116718962,3,9,11561148
2019,5,116728021,53,9,11597938
2019,5,116728021,119.4,1,11597939
2019,4,116719029,2,1,11561167
2019,5,116719029,1,1,11590512
2019,1,116719029,5,1,11561166
2019,16,116728127,171.5,9,11597946
2019,7,116728147,1,11,11561174
2019,5,116728147,4,9,11561173
2019,16,116728147,1,9,11590521
2019,4,115769464,0.3,1,11316285
2019,1,115769556,1.02,1,11321305
2019,16,115774569,2.5,9,11311324
2019,8,115769591,2,9,11316302
2019,1,115769591,4,1,11321310
2019,5,115774609,1,1,11321313
2019,16,115769673,19,9,11316312
2019,16,115769673,1.93,1,11316313
2019,6,115769673,4,9,11316311
2019,1,115769706,1.28,1,11311352
2019,8,115769706,1,9,11311353
2019,8,115775111,30,1,11316388
2019,8,116727293,4,9,11561078
2019,16,116722804,1,11,11597887
2019,13,116722804,1,11,11597886
2019,4,116727440,,,11590422
2019,12,116722849,0.3,1,11597893
2019,16,116719043,1,9,11561171
2019,5,116728205,1,9,11597952
2019,5,116728221,,,11590538
2019,4,116723162,1,1,11561186
2019,2,124461398,0.9,1,13843747
2019,8,124461402,0.2,1,13839929
2019,4,124451364,0.25,1,13839937
2019,1,124461434,1,11,13839942
2019,2,124461343,,,13839909
2019,5,124451124,1,9,13836261
2019,12,124461371,,,13839917
2019,12,124461376,32.7,1,13839919
2019,1,124461376,45.6,1,13836285
2019,2,124461376,35.4,1,13836286
2019,4,124458507,32.15,1,13839921
2019,1,124458507,31.8,1,13843745
2019,4,124461361,,,13839915
2019,4,124451262,1.3,1,13839926
2019,4,124451271,1.1,1,13836302
2019,4,124461344,,,13839910
2019,16,124451179,,,13839916
2019,12,124461400,,,13839927
2019,12,124458516,,,13843752
2019,1,112089630,1.76,3,10631719
2019,8,112089904,0.5,1,10629760
2019,4,124518383,1,11,13860457
2019,5,112090004,,,10629773
2019,4,119494543,1,11,12517848
2019,1,123180104,5.1,1,13504686
2019,8,123180125,5.7,1,13504696
2019,4,123180104,6,1,13504687
2019,8,123180145,63,9,13504709
2019,1,123177976,0.9,1,13508756
2019,5,123180145,0.5,1,13504708
2019,12,123180157,1,1,13504713
2019,16,123180157,12,9,13504714
2019,12,123180163,239.21,1,13504715
2019,8,123180171,3,1,13504718
2019,2,123180176,,,13504719
2019,4,123180183,,,13504724
2019,1,123180190,1.6,1,13504728
2019,1,123178126,0.7,1,13504731
2019,8,123178133,1,1,13508827
2019,17,123168536,1,11,13504735
2019,2,123180219,30.4,1,13501277
2019,8,123180219,58,1,13504737
2019,5,123168578,,,13501282
2019,12,123180236,,,13504743
2019,8,123180250,15,9,13504745
2019,4,123180277,,,13504756
2019,1,123168653,6.6,1,13501304
2019,16,123168653,46,9,13501305
2019,5,123180316,,,13504769
2019,15,123180321,29,9,13504771
2019,1,123180329,0.97,1,13504776
2019,1,123168693,0.45,1,13501309
2019,8,123178251,0.5,9,13508869
2019,1,123180420,55,1,13504792
2019,8,123180420,11,1,13504793
2019,12,123168759,0.37,1,13501330
2019,8,123180430,1,1,13504796
2019,16,123180430,9.5,9,13504797
2019,1,123180440,1,1,13504799
2019,1,123180452,0.7,1,13504800
2019,5,123168850,,,13504814
2019,17,123180575,1,11,13504816
2019,2,123180682,1,1,13504828
2019,12,123180749,1,11,13501366
2019,2,123178518,1,1,13508907
2019,4,123178518,1,1,13508908
2019,2,123180806,,,13504836
2019,1,123180845,0.001,1,13504839
2019,15,123178695,1,11,13508923
2019,3,123178695,1,11,13504840
2019,17,123178695,1,11,13508924
2019,1,123180925,1.003,1,13504846
2019,5,123178779,0.1,1,13508933
2019,8,120568079,1,8,12856269
2019,16,120568079,0.3,1,12860453
2019,2,120568242,4.8,1,12860469
2019,16,120570853,1,9,12860477
2019,12,120568373,4.5,1,12860487
2019,8,120568373,20,1,12860486
2019,6,120568403,6,9,12860493
2019,1,120568487,,,12860499
2019,12,120576640,0.2,1,12842319
2019,12,120568575,11.3,1,12860539
2019,2,120568581,0.8,1,12860540
2019,1,120568588,0.4,1,12860544
2019,8,120568611,107,9,12860559
2019,16,118346820,5,9,12112548
2019,17,118346820,10,9,11977691
2019,1,118609812,0.86,1,11972962
2019,12,118346820,0.8,1,12112547
2019,3,118346886,4,9,12112560
2019,8,118346990,0.4,1,11977709
2019,1,118346990,0.4,1,11977708
2019,8,118346502,32,1,11977613
2019,1,118346502,16.37,1,11977612
2019,8,118609638,1.4,1,12112494
2019,4,118609670,1,11,12112504
2019,16,118604730,12,9,11972908
2019,4,118604730,1,9,11972907
2019,4,118346585,0.7,1,11977654
2019,16,118346594,48,9,11977656
2019,16,118346631,20,1,11977666
2019,8,118609767,1,8,12112529
2019,1,118346712,0.8,1,11977679
2019,5,118604939,5,1,11977683
2019,2,118346552,1,11,11977636
2019,15,118604652,7,9,11972876
2019,16,118346561,34,9,11977641
2019,17,118346568,4,9,11972895
2019,1,118346568,24,1,11972894
2019,8,118346607,7,1,11977661
2019,15,118346617,,,11977663
2019,5,118604824,5,1,11972936
2019,2,118609749,1,11,12112526
2019,18,118609749,,,12112528
2019,15,118609749,157,9,12112527
2019,1,118346684,15,1,11977675
2019,12,118604915,0.1,1,11972952
2019,5,118346717,,,11977681
2019,13,118346745,1,11,11977684
2019,2,118346521,0.4,1,11977624
2019,1,118604616,3.2,1,11972859
2019,8,118604969,4,9,12112540
2019,16,118609841,15,9,12112551
2019,4,118346830,,,12112552
2019,12,118346859,0.3,1,11977692
2019,5,118605139,315.8,1,11972987
2019,1,118346987,1,1,11977707
2019,4,118347065,,,11977717
2019,5,118610038,1.67,1,12112584
2019,16,118347315,9,9,11977753
2019,2,120568558,5.1,1,12842323
2019,2,120568030,,,12860448
2019,2,120568044,1,1,12860449
2019,2,120576644,0.6,1,12860531
2019,4,120568617,0.4,1,12842338
2019,1,120576665,0.3,1,12842342
2019,16,120568639,2,9,12860574
2019,4,120570921,1,1,12860577
2019,4,120568667,0.5,1,12860587
2019,1,120568684,,,12860594
2019,8,120568700,2,9,12860602
2019,2,120568740,,,12842371
2019,4,120576751,1,1,12842380
2019,13,118605085,,,11972981
2019,12,118346923,,,11977697
2019,4,118609930,0.01,1,11972990
2019,4,118347222,1,11,11977737
2019,8,118347222,6,9,11977738
2019,12,118347222,1,11,11977739
2019,2,118610030,,,11973004
2019,8,118610048,7.044,1,11977745
2019,15,118610048,25,9,11977747
2019,13,118610048,7,9,11977746
2019,11,118347336,89,9,11977760
2019,15,118347336,379.005,9,12112588
2019,16,118347336,54.078,3,11977761
2019,4,118347432,1,1,11977769
2019,17,120570768,,,12856267
2019,2,120568100,18.5,1,12860455
2019,8,120570779,,,12860457
2019,12,120568160,0.6,1,12856272
2019,11,120568210,2,9,12860467
2019,15,120568245,,,12860470
2019,11,120576492,3.5,9,12856278
2019,1,120570856,1,1,12856280
2019,1,120568537,1.8,1,12842316
2019,4,120568545,33,1,12860521
2019,12,120568680,2038,1,12860593
2019,8,120568688,1.1,1,12860597
2019,2,120568698,7.5,1,12860601
2019,2,120568707,,,12860606
2019,8,120568718,1.3,1,12860612
2019,2,120568736,58.8,1,12860619
2019,8,120568755,4,9,12860627
2019,4,120568789,,,12860642
2019,15,120568802,,,12860643
2019,4,120570720,,,12856262
2019,1,120570750,0.2,1,12842283
2019,1,120576646,,,12842326
2019,1,120568585,4,1,12842330
2019,8,120568585,3.3,1,12842331
2019,4,120568604,1.4,1,12842333
2019,1,120576657,0.9,1,12842336
2019,4,120568620,43,1,12860564
2019,1,120568638,1.7,1,12860573
2019,4,120568653,0.5,1,12860582
2019,8,120576682,,,12842348
2019,1,120568697,1,1,12860600
2019,8,120568730,2.5,9,12860616
2019,8,120568733,,,12860617
2019,12,120568746,5,1,12860621
2019,4,120568769,1,11,12860631
2019,17,120568769,1,11,12860632
2019,12,120568785,4,1,12860641
2019,2,120568259,5.15,1,12860473
2019,1,122205619,43.3,1,13225104
2019,1,122205645,1.6,1,13225106
2019,4,122205645,0.39,1,13225107
2019,8,122205685,0.2,1,13225110
2019,8,122205691,1,11,13225112
2019,5,122205691,1.4,3,13225111
2019,5,122205723,,,13225116
2019,5,122205729,5,5,13225117
2019,8,122205732,5.5,1,13225119
2019,5,122205742,1,11,13225120
2019,4,122205756,,,13225121
2019,1,120567970,1,1,12860439
2019,8,120567970,9,9,12860440
2019,8,120568484,1,9,12860498
2019,1,120568538,0.5,1,12860517
2019,1,120568550,1.6,1,12860524
2019,1,120568554,0.4,1,12860526
2019,8,120568622,0.3,1,12860563
2019,1,120568622,0.1,1,12842339
2019,18,120568622,,,12860566
2019,1,120568521,55.7,1,12860502
2019,1,120568524,0.6,1,12860507
2019,1,120568563,1.5,1,12860530
2019,4,120570907,2.3,1,12856283
2019,4,120568513,1,9,12860501
2019,1,123177981,0.3,1,13508758
2019,8,123180129,3,9,13504697
2019,15,123180137,3,9,13508785
2019,16,123178047,2,9,13508796
2019,1,123180143,1,1,13504707
2019,8,123180143,77,1,13501250
2019,2,123180143,14,1,13501249
2019,4,123180150,102,1,13504710
2019,1,123168509,0.3,1,13501261
2019,4,123180230,0.4,1,13504740
2019,15,123168620,3.5,9,13501293
2019,4,123178211,1.5,1,13508859
2019,16,123180397,2,9,13508868
2019,5,123180402,1,3,13501322
2019,5,123168776,7.37,1,13501333
2019,1,123180488,0.35,1,13504805
2019,5,123180523,,,13504808
2019,1,123180527,4.8,1,13504809
2019,5,123180664,1,3,13504826
2019,4,120567946,0.7,1,12842277
2019,5,120570781,,,12856271
2019,16,120576526,7,9,12842306
2019,1,120576526,1,9,12860481
2019,4,120568398,1,11,12860492
2019,8,120576597,,,12860497
2019,16,120568523,14,9,12860504
2019,8,120568523,0.35,1,12860503
2019,17,120568523,1,9,12860505
2019,12,120568525,1,11,12860508
2019,13,120568565,,,12842324
2019,4,120568601,22.4,1,12860553
2019,12,120568601,1.6,1,12860554
2019,2,120568612,0.8,1,12860561
2019,5,119526382,1,3,12509806
2019,16,121016214,1,11,12957845
2019,4,121012748,,,12951267
2019,12,121012773,1,9,12951271
2019,5,121016245,1,3,12957855
2019,5,121012833,,,12951278
2019,5,121012850,1,3,12951280
2019,16,121012854,3,9,12951281
2019,8,121016252,1,9,12957856
2019,5,121012885,1,1,12951284
2019,12,121016287,0.1,1,12957865
2019,4,121012987,,,12951306
2019,8,121012474,14,9,12951219
2019,5,121012841,1,3,12951279
2019,5,121012905,1,1,12951289
2019,8,121016269,2,9,12957861
2019,5,121012943,1,1,12951295
2019,1,121012960,49.3,1,12951299
2019,12,121016306,26.42,1,12957869
2019,16,120567946,113,9,12860438
2019,5,121012376,12.4,1,12951206
2019,4,121012520,2.366,7,12951225
2019,16,121012520,0.02,9,12951227
2019,12,121012520,1.5,1,12951226
2019,12,121012526,,,12951228
2019,5,121016201,0.54,4,12951252
2019,5,121016201,47,9,12951251
2019,16,121020565,1,11,12945058
2019,4,121020565,831.005,1,12957851
2019,18,121020565,,,12945059
2019,3,118609594,311,9,12112479
2019,5,118609594,26.785,4,12112480
2019,18,118609594,,,12112481
2019,1,118609600,44.6,1,11977625
2019,8,118346559,0.5,1,11972889
2019,1,118609690,6.16,1,11972896
2019,8,118609690,8.21,1,11972897
2019,12,118604719,10,9,11972902
2019,8,118604809,3,9,11972932
2019,12,118604995,1.5,1,11977690
2019,8,118605037,11,9,12112554
2019,4,118609861,,,12112556
2019,4,118346862,0.62,1,11972974
2019,8,118346862,1.07,1,11972975
2019,16,118610069,5,9,12112587
2019,12,118610069,1.5,1,11977758
2019,8,118610090,3.009,1,12112590
2019,16,118610090,0.58,1,12112591
2019,5,118347438,1,11,11977770
2019,8,118347438,75.009,1,11977771
2019,5,118347445,1,9,11977773
2019,8,118347455,1,9,12112600
2019,12,118347455,1,1,11977775
2019,18,118347455,,,11977776
2019,5,118605409,4.3,1,11973015
2019,5,118610230,4.7,1,12112612
2019,4,118610315,1,1,12112623
2019,16,118610315,14,9,12112624
2019,4,118605452,1,11,11973018
2019,8,118605452,1,9,11973019
2019,16,118605452,34.005,9,11973020
2019,4,118604622,,,12112489
2019,12,118604624,,,11972864
2019,4,118609580,,,11977614
2019,4,118609608,,,11977628
2019,1,118609632,1,1,11977635
2019,4,118609650,15.2,1,12112498
2019,1,118609650,36.4,1,12112497
2019,1,118609684,1.67,1,11977643
2019,8,118609684,20,1,11977644
2019,4,118609799,0.3,1,12112536
2019,5,118604994,1.5,1,11972965
2019,4,118605073,1,1,11977695
2019,4,118346918,,,11977696
2019,8,118347158,1,9,11977730
2019,1,118347314,,,11977751
2019,8,118347323,1.2,1,11977757
2019,8,118610077,1.4,1,11977763
2019,4,118610088,,,11977764
2019,5,118610159,10,1,12112597
2019,5,118347465,1,11,12112602
2019,4,118346557,1.2,1,11972886
2019,5,118604702,1,1,11972898
2019,1,118604751,13,1,11972911
2019,1,118609789,0.5,1,12112534
2019,8,118609789,0.02,1,12112535
2019,5,118346757,2.5,1,11972958
2019,2,118609849,1,11,11972971
2019,16,118609849,1,11,11972972
2019,4,118609997,2,1,12112579
2019,16,118347246,3,9,11977741
2019,8,118347246,2,9,11977740
2019,2,118610039,,,12112585
2019,5,118610083,1,1,12112589
2019,8,118605375,3,9,11973007
2019,12,118605375,0.6,1,11973008
2019,15,118610193,,,11973014
2019,4,118604606,1,1,11972854
2019,4,118604668,0.4,1,11972881
2019,4,118604685,1,11,11972888
2019,1,118604711,1.1,1,11977646
2019,4,118604763,,,11972920
2019,12,118609869,1,1,11972976
2019,12,118609869,1,11,11972977
2019,16,118609869,2,9,11972978
2019,5,118605118,,,12112564
2019,8,118346947,0.049,1,11977700
2019,15,118605203,3,9,11972993
2019,4,118605263,,,11977726
2019,6,118605278,1,9,11972999
2019,12,118346555,,,11977638
2019,16,118604721,2,9,11972905
2019,8,118604721,1,9,11972903
2019,13,118604721,1,9,11972904
2019,14,118346579,2,9,11977651
2019,15,118604732,1,11,11972909
2019,1,118609702,0.8,1,12112512
2019,4,118604755,1,1,11972916
2019,1,118346597,,,11977657
2019,4,118604815,1.1,1,11972934
2019,16,118604879,12,9,11972946
2019,12,118346760,0.2,1,12112537
2019,12,124458400,1,1,13843731
2019,4,124458427,,,13843735
2019,12,124451263,1.2,1,13836297
2019,1,118604589,7.07,1,11977620
2019,4,118604589,4.41,1,12112478
2019,16,118604589,0.78,1,11972850
2019,4,118604609,1,1,11972855
2019,12,118604609,1,1,12112484
2019,12,118609619,1.5,1,11972867
2019,16,118604634,1,9,11972868
2019,4,118604651,1,11,11977637
2019,16,118604651,1,11,11972875
2019,15,118604714,3,9,11977647
2019,16,118604758,2,9,11972917
2019,15,118346763,3,9,12112538
2019,8,118604976,1,9,11972961
2019,17,118609862,1,11,12112558
2019,4,118609862,0.25,1,12112557
2019,2,118605094,5,1,11972982
2019,12,118609906,,,11972984
2019,12,118605196,1.2,1,11972991
2019,8,118347047,6,9,12112571
2019,2,118347049,1,11,11977715
2019,1,118347105,0.3,1,11977725
2019,4,118346505,4.4,1,11977617
2019,12,122203753,1,1,13234908
2019,8,122203855,28,1,13234919
2019,2,122203866,,,13234920
2019,2,122204022,4.6,1,13234940
2019,12,122204022,9.001,1,13234942
2019,4,122204022,10.4,1,13234941
2019,1,122204092,,,13234951
2019,12,122204121,4.5,1,13234958
2019,17,122204235,6,9,13234970
2019,2,122205785,,,13225126
2019,15,118609698,,,12112510
2019,9,118604773,,,11972926
2019,16,118604800,58,9,11972931
2019,1,118346632,1,11,11977667
2019,16,118346659,,,11977672
2019,12,112089576,0.74,1,10629727
2019,16,112078448,1,9,10636540
2019,4,112089984,,,10629769
2019,5,112085261,1,3,10631717
2019,8,112089770,8.3,1,10636555
2019,5,112078611,1,9,10636557
2019,8,112078431,46,9,10629728
2019,8,112089625,12,9,10629736
2019,1,123879884,0.002,1,13697709
2019,4,123876156,0.3,1,13707671
2019,8,123876217,8.025,9,13707678
2019,12,123879971,1.8,1,13712575
2019,2,123884743,4,1,13697724
2019,4,123876254,2,1,13707708
2019,4,123876258,3.1,1,13707713
2019,8,123884756,3.1,1,13707740
2019,12,123876295,,,13707742
2019,5,123875739,2,1,13707629
2019,5,124451186,3,9,13836278
2019,16,124461356,,,13836266
2019,4,124451157,,,13836267
2019,1,124451188,,,13836279
2019,11,124451196,,,13836282
2019,4,124458515,,,13836303
2019,4,124451134,,,13836262
2019,4,124451150,1,9,13836263
2019,13,124451150,2,9,13836264
2019,14,124451150,1,9,13836265
2019,12,124451182,0.1,1,13836275
2019,17,124451182,11,9,13836276
2019,4,124458484,7,1,13843741
2019,14,124451226,,,13836287
2019,2,124451249,,,13836291
2019,1,124461395,1.2,1,13839922
2019,4,124461395,0.3,1,13839923
2019,12,124451260,15.7,1,13836296
2019,1,124451258,1.42,1,13836294
2019,4,124458514,0.4,1,13843750
2019,2,124458514,0.6,1,13836301
2019,8,124451275,0.4,1,13836305
2019,4,124458521,0.2,1,13843757
2019,1,124451292,,,13836314
2019,12,124451295,1,1,13836315
2019,11,124458599,,,13843793
2019,2,124451192,,,13836281
2019,2,124461399,2.8,1,13836295
2019,8,124451290,1232.7,1,13836313
2019,8,124451318,1,11,13836328
2019,12,124451117,,,13836260
2019,16,124451259,,,13843748
2019,12,124451280,1,1,13836308
2019,4,124451307,,,13836325
2019,15,124451418,,,13836373
2019,4,123875841,0.5,1,13707642
2019,8,123854385,1,9,13697687
2019,1,123884742,1.1,1,13707695
2019,1,123180179,0.78,1,13501262
2019,1,123168708,0.7,1,13501312
2019,15,123168723,50,9,13501316
2019,8,123168725,6,1,13501321
2019,5,123168725,6.7,3,13501320
2019,16,123168780,,,13501336
2019,16,123180479,59,9,13504804
2019,1,123180479,0.1,1,13504803
2019,12,123168837,1.1,1,13501347
2019,4,123168991,1,9,13508895
2019,5,123169003,21,1,13501360
2019,5,123169102,2,3,13501373
2019,16,123169176,7,9,13501381
2019,4,122203774,11.2,1,13234912
2019,1,122204057,0.7,1,13234948
2019,8,122204119,,,13225109
2019,8,122204156,2,9,13234962
2019,1,122204039,0.2,1,13234945
2019,12,122203762,1,11,13234909
2019,5,122203773,1,11,13234913
2019,12,122203826,0.4,1,13234918
2019,8,122210165,1,1,13220841
2019,1,122204143,1,1,13234961
2019,4,122204143,1,1,13220856
2019,8,122204189,1,1,13234965
2019,7,122204224,1,9,13234969
2019,17,122203894,6,9,13234927
2019,9,122203894,9,9,13234925
2019,12,122203894,0.72,1,13234926
2019,4,122204083,,,13234950
2019,16,122204103,3,9,13234953
2019,4,122204132,1.2,1,13234960
2019,18,122204214,,,13234968
2019,17,122204214,1,11,13234967
2019,8,122204214,1,11,13234966
2019,4,122203772,,,13234911
2019,12,123180109,1,11,13504691
2019,8,123168436,7.7,1,13501235
2019,2,123168436,12.2,1,13501234
2019,1,123168448,0.4,1,13501242
2019,4,123168448,0.8,1,13501243
2019,17,123178015,10,9,13508780
2019,4,123178045,0.9,1,13508792
2019,1,123168501,0.3,1,13508809
2019,15,123168520,12,9,13508819
2019,2,123168520,0.02,1,13501263
2019,8,123168520,2,9,13501264
2019,1,123180203,18.049,1,13504734
2019,1,123168535,0.7,1,13508828
2019,1,123180210,1.9,1,13504736
2019,4,123168556,,,13501272
2019,1,123178152,1.6,1,13508834
2019,2,123168560,59.9,1,13501273
2019,1,123168573,0.4,1,13501280
2019,2,123168613,266,1,13501292
2019,8,123168613,52,1,13504752
2019,12,123168691,3.4,1,13504781
2019,12,123168724,2.084,1,13501317
2019,18,123168724,,,13501319
2019,16,123168724,4.5,9,13501318
2019,3,123168747,1,1,13501325
2019,15,123168775,1.5,9,13501332
2019,8,123180539,14,9,13504811
2019,16,123180539,12,9,13504812
2019,8,123168844,1,9,13501348
2019,1,123168874,0.077,1,13501349
2019,4,123168874,0.36,1,13501350
2019,16,123178312,62,9,13508878
2019,1,123180617,0.45,1,13508881
2019,8,123180617,0.15,1,13504820
2019,4,123178349,,,13508883
2019,5,123180719,1,1,13501358
2019,1,123168442,0.5,1,13501238
2019,12,123178009,,,13508777
2019,1,123168449,1.4,1,13501244
2019,2,123178012,,,13508779
2019,8,123180148,1,9,13501252
2019,4,123169019,6,1,13508898
2019,5,123178688,54,9,13501386
2019,5,123178688,33,1,13508922
2019,16,123180148,1,9,13501253
2019,4,123168505,0.5,1,13501260
2019,1,123168531,8,1,13501266
2019,16,123168564,3,1,13501276
2019,12,123180268,116,1,13504754
2019,2,123168652,1.6,1,13501303
2019,13,123168758,2,9,13501328
2019,18,123168758,,,13501329
2019,4,123168758,49.036,1,13501327
2019,12,123168815,,,13501342
2019,4,123180692,0.125,1,13504829
2019,12,123169023,0.5,1,13501364
2019,1,123169080,1,11,13504835
2019,5,123180796,,,13508913
2019,8,123168447,1.6,1,13501241
2019,8,123168440,0.3,1,13501237
2019,1,123168440,0.5,1,13501236
2019,4,123178043,0,1,13508795
2019,12,123180153,3.5,1,13504712
2019,8,123180180,3,9,13504723
2019,1,123168562,8.1,1,13501274
2019,4,123168562,16.5,1,13501275
2019,2,123168489,0.4,1,13501255
2019,4,123168489,42.7,1,13501256
2019,12,123180187,11,1,13504725
2019,9,123180756,2,9,13504833
2019,8,123180756,0.6,1,13504832
2019,18,123180756,,,13504834
2019,4,123178577,10,1,13504838
2019,5,123169208,1,3,13508915
2019,5,123178673,2,9,13508919
2019,5,123168591,,,13501283
2019,4,123168596,1.1,1,13501287
2019,5,123169081,,,13501371
2019,5,123178667,0.04,3,13508918
2019,8,123178678,8,9,13508920
2019,5,123169382,,,13501391
2019,5,123178097,,,13504720
2019,8,123168547,1.1,1,13501270
2019,2,123168626,102.1,1,13501295
2019,4,123168626,31.9,1,13501296
2019,16,123168643,4.007,1,13501301
2019,1,123168643,6.007,1,13501299
2019,5,123168643,2.39,4,13501300
2019,4,123180569,1,9,13508877
2019,1,123178432,1,1,13501359
2019,4,123169079,0.25,1,13501369
2019,4,123169152,,,13501380
2019,1,123169196,1.53,1,13501382
2019,4,123178675,3.2,1,13501383
2019,5,123169233,1,11,13501385
2019,16,112078744,,,10629774
2019,8,112085236,0.5,9,10631710
2019,2,112078518,2.08,1,10629740
2019,8,112078518,0.98,1,10636549
2019,13,112078658,2.5,9,10636562
2019,16,124458457,,,13836274
2019,1,124458583,,,13843785
2019,7,124458587,,,13843786
2019,12,124458595,,,13843791
2019,12,124458609,,,13843799
2019,13,112085252,0.3,1,10631712
2019,1,112089622,0.7,1,10629734
2019,1,112089623,1.76,3,10629735
2019,8,112078505,0,1,10636546
2019,5,112089810,1,9,10636559
2019,16,112085449,,,10631735
2019,8,112085276,1,11,10636543
2019,8,112085428,1,9,10631731
2019,4,112078706,0.001,9,10629761
2019,16,112089668,2,9,10631723
2019,1,112085329,0.2,1,10631725
2019,8,112085329,0.61,1,10631726
2019,8,112078662,1,11,10631737
2019,16,112078662,3,9,10636563
2019,1,121927918,0.4,1,13168531
2019,8,121927919,2,9,13168532
2019,4,121927923,2,1,13168535
2019,12,121927926,3.8,1,13168536
2019,1,121927928,,,13168538
2019,4,121927929,0.02,1,13168539
2019,12,121927930,,,13168540
2019,4,121927934,1,1,13168542
2019,12,121927936,0.1,1,13168543
2019,4,121927937,0.7,1,13168544
2019,1,121927938,0.4,1,13168545
2019,12,121927945,196,1,13168548
2019,8,121927945,10.9,1,13168547
2019,8,121927952,0.3,1,13168549
2019,1,121927953,,,13168550
2019,1,121927955,2.1,1,13168552
2019,8,121927960,,,13168556
2019,4,121927961,,,13168557
2019,1,121927966,,,13168561
2019,4,121927968,,,13168563
2019,2,121927969,1.7,1,13168564
2019,4,121927969,3.4,1,13168565
2019,8,121927969,1,9,13168566
2019,4,121927971,,,13168567
2019,1,121927974,1.6,1,13168568
2019,8,121927976,0.3,1,13168569
2019,12,121927979,1,1,13168571
2019,13,121927982,4.8,1,13168572
2019,4,119522851,3,1,12509811
2019,1,118346610,0.9,1,11977662
2019,2,118346649,1.1,1,11977671
2019,8,118604863,119,1,11972943
2019,4,116722990,1.001,1,11590452
2019,8,116727742,,,11590457
2019,17,116727788,1,9,11590461
2019,1,116727788,1.3,1,11590460
2019,11,115779244,10.009,1,11311259
2019,8,115779244,28.006,1,11321257
2019,4,115769738,0,1,11311354
2019,4,115779705,0.035,1,11321335
2019,4,115779863,0.5,1,11316350
2019,5,115770275,,,11311457
2019,5,119526379,0.9,3,12517844
2019,16,119522848,1,11,12509809
2019,13,119522848,1,9,12509808
2019,12,119522848,0.006,1,12509807
2019,12,119526386,1,9,12517845
2019,16,119526441,2,9,12517852
2019,1,119526441,1.2,1,12517850
2019,4,119526441,1.8,1,12517851
2019,1,119522921,,,12509816
2019,14,119526468,17,9,12517854
2019,17,119526473,1,9,12517855
2019,8,119522994,17.002,1,12517857
2019,1,119522994,12.019,1,12517856
2019,8,119526511,3,9,12517859
2019,4,119526511,0.2,1,12517858
2019,12,119526516,1,9,12517860
2019,2,119529638,,,12503369
2019,1,119526580,,,12517864
2019,4,119523080,18,9,12509823
2019,12,119526599,,,12517866
2019,8,119526613,,,12517867
2019,4,119526653,,,12517875
2019,17,119526674,6,9,12517876
2019,2,119526702,0.3,1,12517877
2019,5,119523121,0.3,1,12509828
2019,2,119523128,0.81,1,12517878
2019,11,119523128,2.4,1,12509831
2019,5,119526716,8.8,1,12517879
2019,17,119523143,2,9,12509833
2019,4,119523152,0.009,1,12509836
2019,4,119523152,1,9,12509835
2019,4,119523160,1,11,12509842
2019,8,119523166,2,9,12503380
2019,17,119523166,1,11,12509844
2019,16,119526753,14,9,12517886
2019,5,119523196,0.1,1,12509847
2019,12,119526757,1,9,12509848
2019,12,119526757,0.6,1,12509849
2019,12,119523209,0.1,1,12509851
2019,1,119526771,3.3,1,12503393
2019,12,119526773,1,1,12509861
2019,2,119526776,4.5,1,12517899
2019,1,119526777,,,12517900
2019,8,119526782,31,1,12517904
2019,1,119529758,1,1,12509873
2019,1,119523237,0.6,1,12509874
2019,4,119526788,1,1,12517908
2019,1,119523243,1,1,12509877
2019,1,119523245,117.4,1,12503400
2019,12,119523245,2.4,1,12509878
2019,4,119523245,3.6,1,12503402
2019,4,119529763,,,12517911
2019,8,119526793,9.1,1,12509879
2019,8,119523250,1.5,1,12509882
2019,8,119529765,3,9,12503404
2019,4,119523255,1,1,12509886
2019,12,119526802,,,12517921
2019,2,119529772,0.4,1,12517924
2019,4,119529772,0.3,1,12503411
2019,8,119526804,0.5,1,12517925
2019,12,119523262,,,12509897
2019,2,119523266,2,1,12509903
2019,12,119529782,3,1,12509907
2019,4,124451272,0.2,1,13843751
2019,4,124458520,0.6,1,13843756
2019,1,124458520,0.6,1,13843755
2019,12,124458522,1,1,13843758
2019,16,124458522,1,9,13843759
2019,8,124451286,0.9,1,13843761
2019,5,124451382,8.5,1,13839941
2019,8,118604697,0.7,1,11972893
2019,16,118604752,3,1,11972913
2019,17,118604752,4,9,11972914
2019,16,118604752,1,9,11972912
2019,2,118604761,1,1,11972918
2019,4,118604783,116.6,1,12112519
2019,4,118604784,5.1,1,11972927
2019,16,118346706,,,11977677
2019,4,119526823,,,12517935
2019,8,119526826,0.5,1,12509910
2019,2,119529790,1,11,12503425
2019,4,119529792,1,11,12517938
2019,16,119529792,13,9,12509913
2019,1,119526833,0.5,1,12509916
2019,8,119526835,1,9,12517941
2019,1,119526835,15,1,12509918
2019,4,119526835,15,1,12503427
2019,8,119526836,0.25,9,12517942
2019,4,119526839,,,12517945
2019,12,119526840,1,1,12517946
2019,12,119526842,1,11,12517948
2019,8,119526843,1,9,12517949
2019,13,119526843,4,1,12517950
2019,5,119523329,0.01,3,12509955
2019,17,119526851,75,9,12517952
2019,5,119526860,,,12517954
2019,4,119526862,0.6,1,12517955
2019,8,119529803,0.8,1,12517957
2019,8,119529811,1.8,1,12503444
2019,8,119526871,,,12517962
2019,2,119526874,29,1,12517964
2019,12,119526877,0.3,1,12517967
2019,12,119526879,0.2,1,12503449
2019,12,119526881,0,1,12503450
2019,12,119526884,27.1,1,12517973
2019,4,119526886,0.6,1,12517975
2019,4,119526887,,,12517977
2019,4,119526889,0.5,1,12503453
2019,1,119526890,2.3,1,12517978
2019,1,119526894,1,1,12517982
2019,12,119526896,,,12517985
2019,2,119523364,3.4,1,12503461
2019,16,118604619,1.56,7,11972862
2019,11,118604613,,,11972858
2019,16,118604619,6,9,11972861
2019,5,118604619,3.005,1,11972860
2019,8,118346543,,,11977630
2019,4,118604646,2.1,1,11972873
2019,1,118346575,0.2,1,11977648
2019,12,118604737,1,9,11972910
2019,1,118604762,0.8,1,11972919
2019,15,118604768,3,9,11972923
2019,4,118609788,1,1,11972957
2019,8,122203946,,,13234930
2019,17,122203977,7,9,13234935
2019,12,122203977,0.35,1,13234934
2019,12,122203985,1.12,1,13234936
2019,5,122204028,1.03,1,13234943
2019,2,122204034,,,13234944
2019,2,122204042,0.3,1,13234946
2019,5,122204069,,,13234949
2019,16,122204115,1.5,9,13234956
2019,2,122204115,2.3,1,13234955
2019,16,122204115,3.8,1,13234957
2019,12,122204125,2.1,1,13234959
2019,4,122204183,1.008,1,13234964
2019,4,124458509,2.3,1,13839924
2019,2,124451269,1.2,1,13836299
2019,12,124458404,,,13843732
2019,5,122205774,1,1,13225122
2019,5,122205711,0.42,1,13225115
2019,12,122205692,1,1,13225113
2019,17,122205693,1,11,13225114
2019,16,123177983,303,9,13508759
2019,4,123180108,1.4,1,13504690
2019,12,123168446,6.007,1,13501240
2019,8,123168446,1,9,13508770
2019,2,123168446,0.3,1,13508769
2019,8,123180130,57.3,1,13504698
2019,12,123180130,111.7,1,13508776
2019,12,123180195,0.4,1,13504730
2019,4,123168532,5.8,1,13501267
2019,1,123168586,0.02,1,13504742
2019,1,123180256,1,1,13504748
2019,4,123180256,1,1,13504749
2019,5,123168610,458.6,1,13501291
2019,1,123168610,4,1,13501290
2019,8,123180326,1,11,13504773
2019,1,123180421,0.95,1,13504794
2019,16,123180428,,,13504795
2019,8,123180465,1,1,13504802
2019,16,123180497,11,9,13504806
2019,12,123180559,,,13508876
2019,5,123180639,1,3,13504823
2019,5,123180752,1,3,13504831
2019,4,123178805,5.6,1,13508934
2019,4,123169314,1,1,13501390
2019,5,123181005,1,1,13508935
2019,4,123180134,2,9,13504700
2019,16,123180131,12,1,13504699
2019,4,123180165,,,13504716
2019,2,123180264,,,13504751
2019,5,123180280,1,1,13504757
2019,1,123168702,2.1,1,13501311
2019,4,123180367,,,13504783
2019,2,123180371,100,1,13504784
2019,16,123180408,2.95,1,13504788
2019,5,123180433,4.003,1,13504798
2019,16,123180542,2,9,13504813
2019,1,123854402,0.2,1,13707616
2019,17,123875603,0.75,1,13707618
2019,8,123875662,7,9,13712558
2019,1,123879798,2,1,13712563
2019,1,123875764,0.7,1,13707632
2019,4,123875764,4.1,1,13707633
2019,4,123879828,,,13712566
2019,8,123876244,0.9,1,13707691
2019,2,123876255,1,1,13707709
2019,4,123876262,0.9,1,13707716
2019,8,123876276,1,9,13707724
2019,1,123884754,1,1,13697733
2019,4,123879977,0.2,1,13707739
2019,8,123876301,100,9,13707746
2019,2,123879983,1,1,13712591
2019,4,123180096,,,13504685
2019,2,123178042,1,11,13508791
2019,5,123180944,5,1,13508930
2019,15,123169283,1,9,13501388
2019,17,123875533,17,9,13707612
2019,2,123875533,1,11,13712551
2019,12,123879752,0.49,1,13712557
2019,4,123879774,0.17,1,13712560
2019,2,123879774,1,1,13712559
2019,5,123875878,1,3,13707643
2019,5,123884595,0.29,3,13707653
2019,12,123879933,0.4,1,13712570
2019,8,123876172,7,9,13712571
2019,5,123876191,14,1,13707676
2019,5,123884714,0.001,1,13697714
2019,4,123884724,1,1,13697718
2019,4,123879964,15,1,13712574
2019,17,123876242,1,1,13707692
2019,4,123884747,375.3,1,13707710
2019,12,123884747,1.4,1,13707711
2019,8,123876259,0.6,1,13697728
2019,4,123876268,37.4,1,13707720
2019,16,123876271,0.7,1,13707722
2019,4,124914738,,,13947507
2019,16,124904759,9,9,13937540
2019,4,123875522,2,1,13697686
2019,18,123875522,,,13707607
2019,5,123875522,46.006,3,13707606
2019,4,123854516,0.001,1,13697700
2019,4,123854560,,,13697705
2019,16,123875964,1,1,13707647
2019,5,123876208,1,11,13707677
2019,5,123884734,4.081,3,13697721
2019,1,123884740,10.4,1,13707688
2019,8,123884751,15.4,1,13707719
2019,5,123884736,4.081,3,13707685
2019,5,123884737,4.081,3,13697722
2019,12,123876245,,,13707694
2019,12,124451161,,,13836268
2019,12,124451256,,,13836292
2019,4,124451261,0.8,1,13839925
2019,8,124451267,,,13843749
2019,4,124451279,0.8,1,13836307
2019,12,124458409,,,13843733
2019,4,124904774,2.5,1,13937542
2019,9,124914753,1,9,13947513
2019,12,124914753,1,9,13947514
2019,12,124914753,1,1,13947515
2019,5,118609877,,,12112561
2019,4,118346986,0.2,1,11972988
2019,8,118346986,9,9,12112567
2019,16,118346986,1,9,12112568
2019,4,118347081,,,11977718
2019,14,118609959,85,9,12112573
2019,8,118605295,0.8,1,11977731
2019,14,118347180,1,9,12112580
2019,4,118609663,,,12112502
2019,1,118604678,3.008,1,11972884
2019,16,118346581,1,9,11977652
2019,12,118604766,1,1,11972922
2019,12,118604827,9,1,11977668
2019,5,118346646,11,1,12112521
2019,1,118346646,0.5,1,11977669
2019,16,118609747,1,11,11977674
2019,4,118609770,1.016,1,12112530
2019,8,118609770,32.002,1,12112531
2019,5,118346728,5,1,12112532
2019,8,115774283,3,1,11311271
2019,2,115769400,2.18,1,11316278
2019,4,115769400,0.35,1,11316279
2019,8,115774543,1,9,11316298
2019,1,115779513,1,1,11316300
2019,16,115779535,2,9,11316306
2019,12,119526898,,,12517986
2019,2,119523365,148,1,12509975
2019,1,119526899,2.1,1,12517987
2019,8,119526900,0.6,1,12517988
2019,8,119529827,0.5,1,12503466
2019,17,119526903,1.1,1,12517991
2019,4,119526904,7.5,1,12517992
2019,1,119526905,1,1,12517993
2019,1,119526906,15.6,1,12509979
2019,8,119526906,19,9,12509980
2019,13,119526906,1.6,1,12509981
2019,4,119526908,0.9,1,12517995
2019,8,119526909,3,9,12517997
2019,12,119523373,13.4,1,12509985
2019,4,115769239,1.7,1,11311255
2019,15,115779351,1,9,11311280
2019,14,115774394,1.5,9,11311285
2019,4,115774394,0.56,1,11321275
2019,2,115779499,4.6,1,11316299
2019,8,115769707,20.003,1,11321327
2019,1,115769707,41,1,11316320
2019,8,115779709,1,9,11321336
2019,8,115774863,14.9,1,11316342
2019,16,115774912,1,11,11321350
2019,17,115774912,1,11,11311377
2019,16,115769985,5,9,11316349
2019,5,115770152,0.22,3,11321364
2019,1,115770170,62.2,1,11321372
2019,2,115770170,2.4,1,11321373
2019,16,115774272,1,9,11321259
2019,13,115769380,1,9,11321276
2019,5,115769406,,,11316280
2019,5,115774444,4.8,1,11311303
2019,8,115769831,6,9,11316337
2019,16,115774865,3,9,11311373
2019,1,115774865,1,11,11311372
2019,5,115770044,1,9,11321358
2019,8,115780024,,,11321414
2019,1,123177993,13.6,1,13508766
2019,12,123178021,0.9,1,13508783
2019,5,116718574,1.34,3,11597865
2019,4,116723052,0.1,1,11597934
2019,4,116728001,0.34,1,11590482
2019,5,116728053,18.44,3,11561156
2019,5,116728053,1,11,11590499
2019,5,116723109,0.1,3,11597948
2019,4,116719103,0.8,1,11597956
2019,16,116727332,15,9,11590403
2019,4,116727415,,,11590417
2019,2,116722838,,,11597892
2019,8,116727464,1,11,11561114
2019,15,116727647,,,11590445
2019,5,116718863,,,11561131
2019,8,116727811,,,11590465
2019,1,116723012,0.4,1,11597925
2019,4,116723012,0.3,1,11597926
2019,16,120567941,1,11,12860437
2019,4,120567941,1,11,12842275
2019,12,120568020,1,9,12842281
2019,16,120567926,3.5,9,12860435
2019,1,120576377,1.1,1,12860447
2019,8,120576424,1.5,1,12856270
2019,17,120576424,4,1,12842292
2019,12,120576424,1.5,1,12842291
2019,17,120568127,1,9,12860463
2019,15,120568127,22.005,9,12860462
2019,8,120568127,2,9,12860461
2019,2,120576639,2.1,1,12842318
2019,8,120576642,16.3,1,12842322
2019,1,120576642,49.8,1,12842321
2019,5,120576335,2,1,12842276
2019,4,120576374,,,12860446
2019,8,120576402,57.004,1,12842288
2019,8,120576402,200,9,12842287
2019,17,120576402,27.1,1,12842289
2019,4,120570830,,,12856277
2019,17,120568261,,,12842301
2019,1,120568307,0.53,1,12842305
2019,8,120568307,0.79,1,12860479
2019,6,120568367,1,11,12860485
2019,2,120576593,,,12842311
2019,1,120576632,0.7,1,12842314
2019,15,120568561,52,9,12860528
2019,8,120568561,10.5,9,12860527
2019,4,120568574,1,1,12860538
2019,12,120568621,0.9,1,12860565
2019,1,120576663,,,12842340
2019,16,120576692,1,11,12842352
2019,8,120568702,10.5,1,12860603
2019,4,120568717,1.1,1,12860611
2019,8,120576728,0.6,1,12842369
2019,4,120568749,1,9,12860623
2019,4,120576735,1.8,1,12842373
2019,1,120576742,1,1,12842374
2019,4,120576742,1,1,12842375
2019,1,120576743,1,1,12860628
2019,1,120568772,1,1,12860633
2019,12,120576755,108,1,12842382
2019,2,120576760,,,12842384
2019,1,120576762,2.45,1,12842385
2019,4,120576762,1.7,1,12842386
2019,12,120576770,2,9,12842387
2019,4,120576771,,,12842388
2019,12,120576773,0.28,1,12842389
2019,5,116727272,1.21,4,11590388
2019,1,116722719,5,1,11597873
2019,5,116722758,1,1,11597879
2019,3,116722758,1,1,11590411
2019,4,116727470,1,1,11590425
2019,4,116722899,,,11597906
2019,4,116728201,,,11590532
2019,4,116723129,1,1,11590533
2019,12,116723168,1,1,11590541
2019,16,116723057,0.01,1,11597937
2019,12,116723057,0.01,1,11597935
2019,16,116723057,5,9,11597936
2019,16,116719019,1,11,11561161
2019,4,116723107,18.56,1,11597947
2019,4,116718562,0.5,1,11561070
2019,2,116722686,1,11,11590390
2019,8,116727408,1,9,11590413
2019,16,116727408,3,9,11590415
2019,13,116727408,1,9,11590414
2019,2,116722791,0.25,1,11590418
2019,4,116722791,3.005,1,11590419
2019,15,116718698,1,9,11561108
2019,5,116722829,12.6,1,11597891
2019,8,116727709,2.7,1,11590453
2019,5,116723113,1,11,11590518
2019,5,116728178,57.8,1,11590527
2019,13,116723180,,,11597962
2019,12,116727285,2.8,1,11597864
2019,4,116723193,,,11597963
2019,1,116718561,,,11561069
2019,2,116722703,,,11597870
2019,1,116722714,1,1,11590402
2019,1,116718610,0.4,1,11561086
2019,2,116727433,,,11590421
2019,15,116722818,1,1,11597889
2019,5,120576337,4.4,1,12856261
2019,5,120568115,,,12860458
2019,13,120576430,1,9,12842293
2019,17,120568315,,,12860480
2019,5,120576527,18.2,1,12842307
2019,5,120568376,1,11,12860488
2019,3,120568376,1,11,12842310
2019,5,120568415,1.66,3,12860494
2019,1,120568562,0.5,1,12860529
2019,12,120570914,1.7,1,12860558
2019,1,120570925,0.4,1,12856292
2019,2,120576689,59,1,12842351
2019,4,120568705,1.2,1,12860605
2019,4,120568725,0.4,1,12860614
2019,8,120576721,125,1,12842364
2019,2,120576721,147,1,12842363
2019,2,120576727,,,12842367
2019,15,116727348,4,9,11590406
2019,8,116727348,4,9,11590405
2019,15,116722781,1.07,1,11597885
2019,8,116722819,,,11597890
2019,8,116718717,0.25,9,11561110
2019,13,116727262,2,9,11590385
2019,8,116722692,9,9,11590391
2019,15,116722692,1,9,11597867
2019,2,116718630,0.01,1,11561096
2019,16,116727309,22,9,11590396
2019,1,116727309,1,1,11590395
2019,16,116727309,15.003,1,11590397
2019,15,116718630,4,9,11561097
2019,14,116722777,5,9,11597882
2019,17,116722777,1,11,11597883
2019,16,116727471,14,9,11561116
2019,1,116718778,1.7,1,11561119
2019,4,116722980,0.3,1,11597919
2019,2,116723008,,,11597924
2019,5,116718898,,,11597927
2019,8,116723019,1,9,11590469
2019,8,116718922,,,11561141
2019,16,116728018,0.3,1,11590486
2019,4,116728018,0.009,1,11590485
2019,8,120576389,1,9,12856268
2019,4,120568202,,,12842297
2019,5,120576484,1,9,12842299
2019,7,120568267,1,9,12842302
2019,16,120576506,2,9,12842303
2019,4,120568529,1,1,12860510
2019,5,120568564,3.4,1,12860532
2019,8,120570908,9.1,1,12856284
2019,1,120568584,0.2,1,12860541
2019,2,120568590,3.7,1,12860546
2019,1,120568590,1.9,1,12860545
2019,1,120568596,1.82,1,12860549
2019,8,120576653,1,9,12842334
2019,16,120576653,1,9,12842335
2019,1,120576664,0.7,1,12842341
2019,2,120576677,10.7,1,12842345
2019,4,120576677,9,1,12842346
2019,4,120576696,1,1,12842354
2019,8,120576698,2,9,12842355
2019,8,120568687,0.5,1,12860596
2019,8,120576714,,,12842360
2019,8,123178007,3.7,1,13508775
2019,1,123168472,0.5,1,13501246
2019,16,123180141,1,9,13504706
2019,12,123178050,0,1,13508797
2019,12,123180152,0.3,1,13504711
2019,8,123178061,0.001,1,13508801
2019,4,123178061,0.004,1,13508800
2019,1,123178089,0.19,1,13508811
2019,15,123180194,13,9,13504729
2019,16,123178159,80,9,13508836
2019,12,123178171,2.37,1,13508841
2019,8,123178183,,,13508846
2019,5,123178466,1,1,13508901
2019,5,123178472,17.7,1,13508903
2019,5,123178472,5,9,13508902
2019,5,123180874,1,11,13504841
2019,15,123178704,4,9,13508926
2019,8,123178704,1,9,13508925
2019,5,123178747,1.3,1,13508929
2019,16,115774979,4,9,11311384
2019,1,115779966,18,1,11316383
2019,4,115779966,3,1,11321379
2019,12,115775109,13.8,1,11311414
2019,12,115775117,,,11311421
2019,12,115775120,,,11311425
2019,2,115770196,19.1,1,11311430
2019,1,115770196,21.4,1,11311429
2019,4,115775124,111,1,11311431
2019,1,115770202,2,1,11321395
2019,5,115780007,1,9,11321405
2019,8,112085258,0.62,1,10631715
2019,5,112089884,10.6,1,10631734
2019,16,112089884,2,9,10629754
2019,12,112089884,9,1,10629753
2019,8,112089594,1,9,10631716
2019,8,112089675,1,9,10631724
2019,8,112089675,1.7,1,10629737
2019,1,112089781,3.7,1,10629748
2019,17,112078710,1,9,10636568
2019,4,112078710,1,1,10629762
2019,5,112089673,0.2,1,10636547
2019,5,112085448,1,11,10629752
2019,5,112085460,1,7,10629759
2019,8,112078730,1,9,10629770
2019,4,112089773,1,9,10629747
2019,8,112089981,,,10629767
2019,16,115769359,7,9,11316262
2019,4,115774390,1,1,11311283
2019,1,115779366,1,11,11311293
2019,5,115774585,7.7,1,11311329
2019,2,115774377,0.001,1,11321266
2019,15,115774377,16,9,11316264
2019,8,115774377,2.5,9,11321267
2019,5,115774410,1,3,11316282
2019,8,115779602,39,9,11311342
2019,4,115769849,3,1,11316339
2019,8,115774862,1.4,1,11311371
2019,5,115779821,16.6,1,11311376
2019,5,115779944,32,1,11321363
2019,5,115774356,2.835,1,11311275
2019,1,115774384,0.1,1,11316267
2019,15,115779368,0.001,9,11316274
2019,2,115774443,2.3,1,11321292
2019,3,115774443,1,9,11321293
2019,3,115774443,70.6,1,11316284
2019,2,115769561,4.2,1,11316297
2019,1,115769561,6.003,1,11311320
2019,4,115774748,40.5,1,11321330
2019,5,115774748,1,3,11311361
2019,1,115774748,20.1,1,11311359
2019,1,115769790,2.009,1,11311364
2019,5,115769977,0.8,1,11321351
2019,2,115770158,0.7,1,11316365
2019,8,115779963,1,1,11321371
2019,2,115770185,450,1,11311422
2019,8,115780018,,,11321409
2019,12,115775091,0,1,11311397
2019,5,115779944,7,9,11321362
2019,4,115774345,0.04,1,11311274
2019,5,115774392,1,1,11321274
2019,2,115774392,1,1,11321273
2019,8,115769385,,,11321279
2019,15,115775069,1,9,11311393
2019,12,115774271,2,9,11311270
2019,16,115774274,8,9,11316259
2019,8,115774274,12,9,11316258
2019,4,115774274,1.003,1,11316257
2019,4,115779267,,,11321260
2019,5,115769479,1,1,11321295
2019,15,115769479,16,1,11321296
2019,8,115774554,36,9,11311323
2019,8,115769611,5,9,11311331
2019,12,115769611,1,9,11311332
2019,1,115779693,0.8,1,11321331
2019,16,115779693,0.5,9,11321332
2019,8,115779808,0.25,9,11311374
2019,8,115779875,2,9,11321355
2019,4,115775159,,,11321408
2019,5,115774255,1,1,11316254
2019,4,115769261,12.001,1,11316256
2019,15,115769261,53,9,11311269
2019,8,115769337,0.6,1,11321262
2019,2,115769373,1.07,1,11311282
2019,12,115769373,1.084,1,11321272
2019,16,115769373,2,9,11316270
2019,1,115774405,1,1,11311295
2019,5,115769434,2,3,11321290
2019,12,115779486,3.4,1,11321306
2019,1,115769569,1.5,1,11311322
2019,8,115774646,35.84,1,11311337
2019,1,115774646,100.066,1,11316308
2019,1,115774663,48.74,1,11316317
2019,2,115774663,1.4,1,11311343
2019,8,115774663,2.008,1,11311344
2019,16,115774715,0.2,1,11311355
2019,7,115769794,2,9,11316330
2019,16,115774906,7,9,11321348
2019,4,115779877,0.01,1,11316353
2019,16,115770049,19,9,11311388
2019,13,115770049,36,9,11316361
2019,5,115774994,1,11,11311390
2019,8,115770165,25.1,1,11316370
2019,8,115779964,5.2,1,11316380
2019,1,115779969,3.2,1,11311420
2019,16,115775133,,,11316420
2019,2,115770243,0.01,1,11316429
2019,4,115774226,0.5,1,11311254
2019,5,115779236,3,1,11321253
2019,12,115779241,2.5,1,11311258
2019,1,115779241,1.8,1,11311256
2019,9,115779241,33,9,11311257
2019,5,115779247,15.4,1,11311260
2019,8,115774263,3,9,11311265
2019,5,115774263,1,11,11311264
2019,15,115774372,2,9,11311278
2019,16,115769376,60,9,11311284
2019,16,115779359,11,9,11321277
2019,1,115774571,1.3,1,11311325
2019,5,115769609,6.5,1,11316305
2019,2,115769758,1,1,11321328
2019,4,115769758,0,1,11316321
2019,5,115774778,0.25,5,11321334
2019,16,115779719,1653,9,11311367
2019,16,115779719,13,1,11316333
2019,16,115769822,4,9,11321337
2019,5,115774807,18.3,1,11316334
2019,4,115774981,1,11,11311387
2019,2,115774981,2,9,11311385
2019,4,115774981,1,1,11311386
2019,12,115770176,0.2,1,11321378
2019,4,115770176,10.1,1,11321377
2019,1,115770176,7,1,11321375
2019,4,115779977,0.7,1,11316401
2019,15,115779977,64.25,9,11321390
2019,1,115779977,0.2,1,11316399
2019,17,115770238,92,9,11316426
2019,1,115770238,0.7,1,11316425
2019,18,115770238,,,11316427
2019,7,115775154,1,9,11311453
2019,4,115779265,20,1,11311268
2019,8,115774385,,,11316268
2019,16,115769394,11,9,11316275
2019,16,115774472,1,11,11321299
2019,13,115769494,1,9,11316290
2019,6,115769494,4,9,11321301
2019,3,115769494,1,9,11321300
2019,2,115774582,1,1,11311328
2019,8,115774655,1.73,1,11316315
2019,8,115774666,0.062,1,11321322
2019,1,115774666,2.3,1,11316318
2019,16,115774666,2,9,11311345
2019,16,115769753,2,9,11311356
2019,7,115769801,,,11316331
2019,2,115769935,24,1,11316346
2019,4,115769935,1,1,11316347
2019,8,115774915,1,11,11311378
2019,4,115774974,1,1,11321356
2019,4,115774976,1,11,11316355
2019,5,112085518,,,10636575
2019,12,112085251,0.16,1,10629731
2019,5,112089809,8.4,1,10629749
2019,5,112089871,1,11,10631733
2019,12,112078663,0.1,1,10636565
2019,2,112085306,36.9,1,10631722
2019,1,112085306,9.1,1,10631721
2019,16,112078663,19,9,10636566
2019,4,112078727,43,1,10636573
2019,5,112078724,1,1,10629768
2019,16,112085494,9,9,10636569
2019,8,112078436,5,9,10636539
2019,16,112078450,3.5,9,10629733
2019,16,112089888,1,11,10636564
2019,8,112078582,3,9,10636556
2019,16,112078582,1,9,10629746
2019,16,112089885,0.25,9,10631736
