"DATA_YEAR","VICTIM_ID","OFFENDER_ID","RELATIONSHIP_ID","NIBRS_VICTIM_OFFENDER_ID"
2019,129640488,134446195,17,40586792
2019,129640491,134446199,18,40586796
2019,129640498,134446205,1,40586800
2019,129640498,134446207,1,40586799
2019,129640499,134446206,18,40586801
2019,129640501,134446208,18,40586803
2019,129640500,134446208,18,40586802
2019,129640511,134446219,3,40586814
2019,129640515,134446223,18,40586816
2019,129640516,134446224,18,40586817
2019,129640521,134446228,24,40586820
2019,129640531,134446238,17,40586824
2019,129640537,134446244,18,40586829
2019,129640543,134446252,13,40586832
2019,129640545,134446254,3,40586833
2019,129640552,134446264,1,40586835
2019,129640556,134446268,18,40586838
2019,129640562,134446273,18,40586842
2019,129640565,134446276,18,40586844
2019,129640566,134446277,3,40586845
2019,129640568,134446279,21,40586846
2019,129636139,134446200,1,40583012
2019,129640490,134446198,1,40586794
2019,129640490,134446197,1,40586795
2019,129640502,134446210,16,40586804
2019,129640509,134446217,18,40586812
2019,129640513,134446221,9,40586815
2019,129640517,134446225,18,40586818
2019,129640519,134446227,24,40586819
2019,129640524,134446231,1,40586822
2019,129640530,134446237,3,40586823
2019,129640533,134446240,1,40586826
2019,129640534,134446241,18,40586827
2019,129640535,134446242,1,40586828
2019,129640538,134446245,18,40586830
2019,129640541,134446249,18,40586831
2019,129640549,134446258,13,40586834
2019,129640553,134446265,24,40586836
2019,129640554,134446266,18,40586837
2019,129640558,134446269,18,40586839
2019,129640559,134446270,18,40586840
2019,129640561,134446272,1,40586841
2019,129640563,134446274,18,40586843
2019,129640569,134446280,18,40586847
2019,129640572,134446285,18,40586848
2019,129640572,134446283,18,40586850
2019,129640572,134446284,18,40586849
2019,129640575,134446288,18,40586851
2019,129640578,134446291,24,40586852
2019,129640579,134446292,3,40586853
2019,129640581,134446294,18,40586854
2019,129640583,134446296,18,40586855
2019,129640584,134446297,18,40586856
2019,129640585,134446298,18,40586857
2019,129640587,134446300,18,40586858
2019,129640588,134446302,18,40586859
2019,129640588,134446301,18,40586860
2019,129640589,134446303,15,40586861
2019,129640592,134446308,18,40586862
2019,129640593,134446309,18,40586863
2019,129640594,134446309,18,40586864
2019,129640595,134446310,18,40586865
2019,129640596,134446311,18,40586866
2019,129640599,134446314,21,40586867
2019,129640601,134446316,18,40586868
2019,129640602,134446317,18,40586869
2019,129640604,134446318,24,40586871
2019,129640603,134446318,18,40586870
2019,129640605,134446319,18,40586872
2019,129640606,134446320,16,40586873
2019,129640607,134446321,5,40586874
2019,129640610,134446326,18,40586875
2019,129640611,134446327,18,40586876
2019,129640612,134446328,18,40586877
2019,129640615,134446332,18,40586878
2019,129640620,134446337,18,40586879
2019,129640624,134446341,18,40586880
2019,129640626,134446343,21,40586881
2019,129640627,134446344,18,40586882
2019,129640629,134446346,21,40586883
2019,129640630,134446347,3,40586884
2019,129640631,134446348,3,40586885
2019,129640632,134446349,18,40586886
2019,129640636,134446354,1,40586887
2019,129640637,134446354,3,40586888
2019,129640639,134446356,21,40586889
2019,129640640,134446357,18,40586890
2019,129640641,134446358,18,40586891
2019,129640642,134446359,18,40586892
2019,129640643,134446360,18,40586893
2019,129640644,134446361,19,40586894
2019,129640645,134446362,1,40586895
2019,129640646,134446363,17,40586896
2019,129640647,134446364,18,40586897
2019,129640648,134446365,24,40586898
2019,129640649,134446366,18,40586899
2019,129640650,134446367,3,40586900
2019,129640652,134446369,24,40586901
2019,129640653,134446369,24,40586902
2019,129640655,134446371,18,40586903
2019,129640657,134446375,18,40586904
2019,129640659,134446376,18,40586905
2019,129640660,134446377,18,40586906
2019,129640663,134446380,24,40586907
2019,129640666,134446383,18,40586908
2019,129640674,134446395,18,40586909
2019,129640675,134446396,18,40586910
2019,129640677,134446399,18,40586911
2019,129640680,134446402,1,40586912
2019,129640684,134446406,18,40586913
2019,129640690,134446414,21,40586914
2019,129640691,134446415,3,40586915
2019,129640692,134446416,3,40586916
2019,129640693,134446417,18,40586917
2019,129640694,134446418,18,40586918
2019,129640695,134446418,18,40586919
2019,129640696,134446419,18,40586920
2019,129640697,134446420,18,40586921
2019,129640698,134446421,17,40586922
2019,129640700,134446423,18,40586923
2019,129640701,134446424,3,40586924
2019,129640703,134446426,21,40586925
2019,129640705,134446429,21,40586926
2019,129640706,134446430,18,40586927
2019,129640707,134446431,18,40586928
2019,129640708,134446432,3,40586930
2019,129640709,134446432,3,40586932
2019,129640709,134446433,1,40586931
2019,129640708,134446433,1,40586929
2019,129640710,134446434,18,40586933
2019,129640711,134446435,18,40586934
2019,129640712,134446436,18,40586935
2019,129640715,134446439,18,40586937
2019,129640716,134446440,5,40586938
2019,129640719,134446443,18,40586939
2019,129640721,134446445,18,40586940
2019,129640723,134446447,21,40586941
2019,129640728,134446451,24,40586943
2019,129640729,134446452,18,40586944
2019,129640730,134446453,18,40586945
2019,129640734,134446456,18,40586946
2019,129640736,134446458,18,40586947
2019,129640737,134446459,18,40586948
2019,129640740,134446462,18,40586950
2019,129640742,134446464,24,40586951
2019,129640743,134446465,24,40586952
2019,129640745,134446466,18,40586954
2019,129640746,134446467,18,40586955
2019,129640745,134446467,18,40586953
2019,129640746,134446466,18,40586956
2019,129640747,134446468,14,40586957
2019,129640749,134446471,18,40586958
2019,129640750,134446472,18,40586959
2019,129640751,134446473,3,40586960
2019,129640752,134446474,3,40586961
2019,129640753,134446475,18,40586962
2019,129640754,134446476,18,40586963
2019,129640757,134446480,18,40586965
2019,129640760,134446485,18,40586966
2019,129640761,134446486,18,40586967
2019,129640764,134446488,24,40586968
2019,129640767,134446491,18,40586969
2019,129640769,134446493,18,40586970
2019,129640771,134446495,3,40586971
2019,129640772,134446496,17,40586972
2019,129640775,134446500,18,40586973
2019,129640776,134446501,18,40586974
2019,129640777,134446502,18,40586975
2019,129640780,134446506,18,40586976
2019,129640781,134446507,18,40586977
2019,129640784,134446511,5,40586978
2019,129640786,134446513,1,40586979
2019,129640787,134446514,18,40586980
2019,129640789,134446516,1,40586981
2019,129640791,134446518,18,40586982
2019,129640795,134446522,18,40586983
2019,129640797,134446524,18,40586984
2019,129640798,134446525,18,40586985
2019,129640799,134446526,18,40586986
2019,129640800,134446527,18,40586987
2019,129640801,134446528,18,40586988
2019,129640802,134446529,18,40586989
2019,129640804,134446531,18,40586993
2019,129640804,134446533,18,40586991
2019,129640804,134446532,18,40586992
2019,129640804,134446534,18,40586990
2019,129640806,134446536,18,40586994
2019,129640807,134446537,17,40586995
2019,129640813,134446544,24,40586997
2019,129640815,134446547,3,40586998
2019,129640821,134446554,3,40587000
2019,129640822,134446555,18,40587001
2019,129640824,134446557,18,40587002
2019,129640827,134446563,3,40587003
2019,129640833,134446569,3,40587004
2019,129640834,134446570,18,40587005
2019,129636138,134438511,3,40583011
2019,129640497,134438513,21,40583013
2019,129636140,134446209,18,40583014
2019,129640508,134446216,21,40586811
2019,129640523,134446230,18,40586821
2019,116611126,119939621,17,35535277
2019,116611125,119939618,26,35535276
2019,116611148,119939651,16,35545279
2019,116606152,119939651,3,35545280
2019,116606152,119944638,16,35540281
2019,116611148,119944638,3,35535280
2019,116611167,119949646,24,35535284
2019,116606178,119939683,5,35535287
2019,116611187,119939691,24,35540287
2019,116606222,119939724,18,35545290
2019,116606421,119949814,3,35535369
2019,116606461,119940010,3,35545332
2019,116616161,119939725,5,35545291
2019,120320935,123668863,5,36888799
2019,120321371,123668864,17,36888797
2019,120320935,123668864,25,36884080
2019,120321371,123668863,25,36894427
2019,120315239,123668876,9,36888801
2019,120320957,123675124,21,36884087
2019,120321392,123675135,15,36884090
2019,120315274,123675131,16,36884089
2019,120320963,123668914,24,36884091
2019,120315291,123668919,13,36888804
2019,120321403,123668928,3,36888806
2019,120320964,123668918,1,36894438
2019,120320964,123668916,1,36888803
2019,120320969,123674562,3,36884093
2019,120320973,123674570,24,36888811
2019,120315318,123668953,3,36894442
2019,120315321,123675160,3,36888815
2019,120315338,123668969,3,36888818
2019,116606128,119944617,5,35540277
2019,116606196,119949659,1,35540292
2019,116611198,119949662,21,35540295
2019,116611212,119949668,1,35545292
2019,120315226,123675103,21,36884082
2019,120315265,123674551,3,36884088
2019,116611166,119949643,3,35545284
2019,116606181,119949652,3,35535288
2019,116606203,119944682,7,35540294
2019,116611199,119949664,1,35540296
2019,116616332,119939989,16,35535374
2019,116616334,119939996,18,35545328
2019,116616334,119939997,18,35540348
2019,116611506,119944988,11,35545329
2019,116606459,119945000,3,35540353
2019,120321396,123674555,24,36894437
2019,120315290,123668922,3,36888805
2019,120315333,123668966,3,36888817
2019,128913624,133695556,18,40273398
2019,128913637,133686111,18,40273405
2019,128904410,133695569,18,40276571
2019,128913643,133690419,18,40273410
2019,128904414,133686125,1,40276575
2019,128904414,133695582,18,40276576
2019,128904425,133686129,1,40276582
2019,128904423,133686129,3,40276580
2019,128904424,133686129,1,40276581
2019,128904428,133686132,18,40276584
2019,128904430,133695604,18,40276585
2019,128904431,133695607,18,40276586
2019,128904433,133686137,18,40276588
2019,128904434,133686137,18,40276589
2019,128904441,133695618,18,40276593
2019,128913677,133686140,18,40273440
2019,128904443,133686141,18,40276595
2019,128904446,133695621,18,40276597
2019,128904447,133686144,18,40276598
2019,128904448,133686147,18,40276599
2019,128913685,133695627,18,40273444
2019,128913640,133686113,18,40273408
2019,128913640,133686114,18,40273407
2019,128904405,133686119,3,40276568
2019,128904409,133686120,18,40276570
2019,128904411,133695577,18,40276573
2019,128904420,133695590,18,40273421
2019,128904422,133695594,18,40273423
2019,128904426,133686131,24,40276583
2019,128904432,133686136,1,40276587
2019,128904439,133695612,18,40276591
2019,128904442,133695619,18,40276594
2019,128904449,133686148,18,40276600
2019,128904452,133695634,3,40276601
2019,128904453,133686152,18,40276604
2019,128904453,133686153,18,40276603
2019,128904453,133686155,18,40273448
2019,128904453,133686154,18,40276602
2019,128904454,133686156,18,40276605
2019,128904455,133686158,24,40276606
2019,127752643,132550432,3,39850900
2019,126626434,130976129,18,39357600
2019,126626442,130976140,3,39357601
2019,126626503,130976205,5,39357604
2019,126626507,130976209,3,39357605
2019,126626514,130976218,18,39357606
2019,126626519,130976226,21,39357607
2019,126626521,130976228,1,39357608
2019,126626524,130976231,3,39357609
2019,126626528,130976235,1,39357611
2019,126626528,130976236,18,39357610
2019,126626538,130976247,26,39357612
2019,126626540,130976249,3,39357613
2019,126626548,130976258,3,39357614
2019,126626549,130976259,18,39357615
2019,126626550,130976260,1,39357616
2019,126626554,130976264,3,39357617
2019,126626555,130976265,16,39357618
2019,126626556,130976266,1,39357619
2019,126626560,130976270,5,39357620
2019,126626563,130976273,24,39357621
2019,126626566,130976276,1,39357622
2019,126626569,130976279,21,39357623
2019,126626573,130976284,18,39357624
2019,126626573,130976283,1,39357625
2019,126626575,130976288,3,39357626
2019,126626581,130976298,18,39357627
2019,126626584,130976302,21,39357628
2019,126626592,130976310,18,39357630
2019,126626609,130976330,18,39357631
2019,126626616,130976337,5,39357632
2019,126626621,130976344,24,39357633
2019,126626623,130976346,1,39357634
2019,126626625,130976348,18,39357636
2019,126626628,130976351,24,39357637
2019,126626629,130976351,24,39357638
2019,126626630,130976352,16,39357639
2019,126626632,130976354,18,39357640
2019,126626633,130976355,16,39357642
2019,126626634,130976355,1,39357644
2019,126626634,130976356,16,39357643
2019,126626633,130976356,1,39357641
2019,126626637,130976359,4,39357645
2019,126626642,130976364,21,39357646
2019,126626658,130976380,5,39357647
2019,126626660,130976382,16,39357648
2019,126626661,130976382,16,39357649
2019,126626669,130976391,3,39357650
2019,126626672,130976393,24,39357651
2019,126626673,130976394,16,39357652
2019,126626678,130976399,19,39357654
2019,126626687,130976408,7,39357655
2019,127752649,132550436,5,39850902
2019,127752659,132550449,3,39850903
2019,128913622,133695554,18,40276555
2019,128913636,133686109,5,40273404
2019,128913636,133686110,5,40273403
2019,128908469,133695565,18,40266254
2019,128913629,133695560,18,40276558
2019,128913634,133686107,18,40276562
2019,128913644,133695574,3,40273411
2019,128913650,133686123,18,40273415
2019,128913649,133686123,18,40273414
2019,128913654,133695581,18,40273417
2019,128904417,133686126,18,40276578
2019,128904394,133686103,18,40276556
2019,128913626,133695558,18,40273399
2019,128913628,133686104,18,40276557
2019,128908468,133690415,18,40276559
2019,128913638,133695563,18,40266253
2019,128913639,133695564,18,40273406
2019,128904407,133695568,3,40276569
2019,128913635,133686108,18,40276563
2019,128908471,133690417,18,40266256
2019,128904399,133695566,24,40276564
2019,128913641,133695570,18,40273409
2019,128913645,133695575,3,40273412
2019,128913646,133695576,18,40273413
2019,128913623,133695555,18,40273397
2019,128904396,133690414,18,40273401
2019,128913632,133686106,18,40276560
2019,128908470,133686112,18,40266255
2019,128913653,133695579,18,40273416
2019,128913655,133695586,18,40273418
2019,128913664,133695598,18,40266259
2019,128913665,133695599,17,40273428
2019,128913668,133686135,18,40273431
2019,128913669,133695605,18,40273432
2019,128913670,133695606,18,40273433
2019,128913678,133695622,18,40273441
2019,128913647,133686121,18,40276572
2019,128904413,133695580,18,40276574
2019,128904418,133695585,18,40276579
2019,128913672,133695610,18,40273435
2019,128904438,133695611,18,40273436
2019,128913674,133695614,16,40273438
2019,128904444,133695620,18,40276596
2019,128913687,133695630,16,40273445
2019,128913689,133695633,3,40273446
2019,128913690,133686150,18,40273447
2019,128913694,133686159,18,40273449
2019,128913696,133695638,21,40273450
2019,128913697,133695639,9,40273451
2019,128913698,133695640,18,40273452
2019,128913699,133695641,18,40273454
2019,128913699,133695642,18,40273453
2019,128913701,133695644,18,40273455
2019,128913702,133695645,18,40273456
2019,128913708,133695651,18,40273457
2019,128913709,133695652,18,40273458
2019,128913711,133695654,18,40273459
2019,128913712,133695655,18,40273460
2019,128913716,133695659,18,40273461
2019,128913717,133695660,21,40273462
2019,128913719,133695662,21,40273463
2019,128913728,133695673,18,40273464
2019,128913729,133695674,20,40273465
2019,128913730,133695675,18,40273466
2019,128913731,133695676,1,40273467
2019,128913735,133695681,18,40273468
2019,128913738,133695688,18,40273469
2019,128913739,133695689,18,40273470
2019,128913740,133695690,18,40273471
2019,128913741,133695691,21,40273472
2019,128913743,133695693,18,40273473
2019,128913748,133695699,18,40273474
2019,128913749,133695700,3,40273475
2019,128913750,133695701,18,40273476
2019,128913752,133695703,3,40273477
2019,128913753,133695704,18,40273478
2019,128913754,133695705,15,40273479
2019,128913757,133695709,3,40273480
2019,128913760,133695711,21,40273481
2019,128913761,133695712,21,40273482
2019,128913768,133695717,18,40273484
2019,128913767,133695717,18,40273483
2019,128913770,133695719,18,40273485
2019,128913773,133695723,18,40273486
2019,128913774,133695724,26,40273487
2019,128913776,133695726,3,40273488
2019,128913777,133695727,21,40273489
2019,128913778,133695728,18,40273490
2019,128913779,133695729,18,40273491
2019,128913781,133695731,18,40273492
2019,128913783,133695733,3,40273493
2019,128913784,133695734,3,40273494
2019,128913786,133695736,18,40273495
2019,128913788,133695737,18,40273496
2019,128913789,133695738,18,40273498
2019,128913789,133695739,18,40273497
2019,128913790,133695740,18,40273499
2019,128913791,133695741,18,40273500
2019,128913796,133695747,18,40273501
2019,128913797,133695748,18,40273502
2019,128913798,133695749,16,40273503
2019,128913799,133695750,18,40273504
2019,128913801,133695752,18,40273505
2019,128913802,133695753,18,40273506
2019,128913805,133695757,18,40273507
2019,128913807,133695760,24,40273508
2019,128913812,133695766,3,40273509
2019,128913813,133695767,18,40273510
2019,128913815,133695769,18,40273511
2019,128913817,133695771,18,40273512
2019,128913818,133695772,18,40273513
2019,128913822,133695777,18,40273514
2019,128913822,133695776,18,40273515
2019,128913829,133695785,18,40273517
2019,128913831,133695787,18,40273518
2019,128913832,133695788,1,40273519
2019,128913833,133695788,1,40273520
2019,128913835,133695791,18,40273521
2019,128913836,133695792,18,40273522
2019,128913837,133695793,18,40273523
2019,128913839,133695795,26,40273524
2019,128913840,133695796,18,40273525
2019,128913842,133695797,18,40273526
2019,128913844,133695798,9,40273528
2019,128913845,133695798,9,40273529
2019,128913843,133695798,3,40273527
2019,128913846,133695799,18,40273530
2019,128913847,133695800,21,40273531
2019,128913848,133695801,18,40273532
2019,128913849,133695802,18,40273533
2019,128913850,133695803,5,40273534
2019,128913851,133695804,1,40273535
2019,128913852,133695805,18,40273536
2019,128913856,133695812,18,40273538
2019,128913855,133695812,1,40273537
2019,128913857,133695813,21,40273539
2019,128913858,133695814,17,40273540
2019,128913860,133695817,18,40273541
2019,128913861,133695818,18,40273542
2019,128913862,133695819,18,40273543
2019,128913863,133695820,18,40273544
2019,128913864,133695821,18,40273545
2019,128913865,133695822,18,40273546
2019,128913866,133695823,19,40273547
2019,128913867,133695824,18,40273548
2019,128913869,133695826,3,40273549
2019,128913870,133695827,18,40273550
2019,128913871,133695828,18,40273551
2019,128913874,133695831,18,40273552
2019,128913879,133695837,18,40273553
2019,128913881,133695838,19,40273555
2019,128913880,133695838,19,40273554
2019,128913882,133695839,3,40273556
2019,128913884,133695842,18,40273557
2019,128913890,133695849,18,40273559
2019,128913893,133695851,18,40273560
2019,128913894,133695852,18,40273561
2019,128913895,133695853,3,40273562
2019,128913896,133695854,18,40273563
2019,128913897,133695855,18,40273564
2019,128913901,133695861,18,40273567
2019,128913901,133695862,18,40273566
2019,128913901,133695863,18,40273565
2019,128913902,133695864,18,40273569
2019,128913903,133695865,18,40273570
2019,128913903,133695864,18,40273571
2019,128913902,133695865,18,40273568
2019,128913904,133695867,18,40273572
2019,128913904,133695866,18,40273573
2019,128913905,133695868,18,40273574
2019,128913907,133695870,18,40273575
2019,128913908,133695871,16,40273576
2019,128913909,133695872,18,40273577
2019,128913910,133695873,18,40273578
2019,128913913,133695876,18,40273579
2019,128913915,133695878,1,40273580
2019,128913916,133695878,1,40273581
2019,128913917,133695879,18,40273582
2019,128913921,133695883,18,40273583
2019,128913922,133695883,18,40273584
2019,128913923,133695884,21,40273585
2019,128913926,133695889,18,40273586
2019,128913928,133695891,18,40273587
2019,128913933,133695896,18,40273590
2019,128913935,133695898,18,40273591
2019,128913936,133695899,18,40273592
2019,128913942,133695906,18,40273593
2019,128913944,133695908,18,40273594
2019,128913954,133695918,21,40273597
2019,128913619,133695551,18,40273396
2019,128913619,133695552,18,40273394
2019,134751344,139613085,18,42882094
2019,134753784,139615029,18,42880485
2019,134753784,139615030,18,42880484
2019,134751409,139615076,17,42880497
2019,134753824,139615076,3,42880496
2019,134751507,139613283,1,42882145
2019,134751571,139607783,3,42882160
2019,128904397,133695561,18,40273402
2019,128913630,133690416,18,40266252
2019,128913656,133695587,18,40273419
2019,128913658,133695588,3,40273420
2019,128913659,133695592,18,40273422
2019,128913663,133686130,18,40273427
2019,128913666,133695600,18,40273429
2019,128913667,133695603,3,40273430
2019,128913671,133695608,18,40273434
2019,128913673,133695613,18,40273437
2019,128904440,133695617,18,40276592
2019,128913680,133686143,18,40273442
2019,128904398,133695562,18,40276561
2019,128908473,133690422,18,40266257
2019,128904421,133695591,18,40266258
2019,128908476,133695596,18,40273426
2019,128908474,133695596,18,40273424
2019,128904400,133686115,18,40276565
2019,128904401,133695567,18,40276566
2019,128904404,133686118,18,40276567
2019,128904415,133695583,18,40276577
2019,132078200,136868991,3,41660266
2019,132078205,136881913,1,41674078
2019,132078213,136881925,18,41674088
2019,132078215,136881927,1,41674089
2019,132078218,136881930,1,41674090
2019,132078229,136886162,18,41674099
2019,132078229,136886158,18,41674103
2019,132078228,136886160,18,41674096
2019,132078228,136886158,18,41674098
2019,132078229,136886161,18,41674100
2019,132078229,136886159,18,41674102
2019,132078228,136886162,18,41674095
2019,132078228,136886161,18,41669957
2019,132078228,136886159,18,41674097
2019,132078229,136886160,18,41674101
2019,132078233,136886165,18,41674107
2019,132078234,136881942,18,41674108
2019,132078252,136881956,18,41674114
2019,132078262,136881967,18,41674118
2019,134751437,139613208,5,42882127
2019,134751442,139613214,3,42882129
2019,134753895,139615157,18,42880522
2019,134751496,139613271,18,42882142
2019,134751515,139613293,21,42882148
2019,134751601,139613392,3,42882166
2019,134751618,139613413,18,42882167
2019,134751618,139615421,18,42882168
2019,134751680,139613490,26,42882188
2019,134751687,139615541,18,42882190
2019,134751691,139615558,18,42882192
2019,134751691,139615559,18,42882191
2019,134751691,139615556,18,42882193
2019,134751360,139613105,18,42882103
2019,134745421,139607539,3,42868960
2019,134751458,139613234,3,42882134
2019,134754076,139607800,17,42880572
2019,134751598,139613390,18,42882165
2019,134751632,139613433,1,42882173
2019,134751632,139613432,1,42882174
2019,134745736,139607876,18,42869061
2019,132078204,136886138,9,41669939
2019,132078209,136886143,18,41674084
2019,132078222,136881932,1,41674092
2019,132078254,136881958,18,41674116
2019,132078256,136881960,18,41674117
2019,135473346,140390034,3,43186537
2019,135473347,140390035,18,43186539
2019,135473347,140390036,18,43186538
2019,130713316,135565650,18,41018320
2019,130713321,135558621,18,41018325
2019,130713345,135562711,18,41018355
2019,130713352,135565683,18,41018362
2019,130713352,135565682,18,41018363
2019,130713352,135565681,18,41018364
2019,130713364,135565699,18,41018377
2019,130713363,135565699,18,41018376
2019,130713376,135565711,17,41018387
2019,130713379,135565712,18,41018390
2019,130713381,135565715,24,41018391
2019,130713382,135565716,18,41018392
2019,130713383,135565717,18,41018393
2019,130713384,135565718,18,41018394
2019,130713386,135565719,18,41018395
2019,130713387,135565720,18,41018396
2019,130713391,135565724,18,41018400
2019,130713393,135565726,18,41018404
2019,130713393,135565728,18,41018402
2019,130713393,135565727,18,41018403
2019,130713397,135565732,18,41018406
2019,130713396,135565732,18,41018405
2019,130713398,135565733,18,41018407
2019,130713399,135565734,18,41018408
2019,130713400,135565735,18,41018409
2019,130713403,135565736,18,41018410
2019,130713405,135565738,18,41018411
2019,130713406,135565739,18,41018412
2019,130713408,135565741,3,41018413
2019,130713411,135565743,18,41018414
2019,130713412,135565744,16,41018415
2019,130713415,135565746,18,41018417
2019,130713418,135565748,3,41018420
2019,130713423,135565753,16,41018421
2019,130713428,135565757,18,41018425
2019,130713431,135565760,18,41018427
2019,130713437,135565768,15,41018429
2019,130713438,135565769,18,41018430
2019,130713439,135565770,18,41018431
2019,130713442,135565773,24,41018432
2019,130713444,135565776,18,41018433
2019,130713445,135565777,18,41018434
2019,130713446,135565778,18,41018435
2019,130713449,135565781,18,41018436
2019,130713450,135565782,21,41018437
2019,130713451,135565783,18,41018438
2019,130713454,135565787,21,41018439
2019,130713455,135565788,18,41018440
2019,130713456,135565789,18,41018441
2019,130713457,135565790,18,41018442
2019,130713458,135565791,18,41018443
2019,130713463,135565798,1,41018444
2019,130713466,135565801,18,41018445
2019,130713467,135565802,18,41018446
2019,130713470,135565805,18,41018447
2019,130713472,135565807,3,41018448
2019,130713473,135565808,18,41018449
2019,130713476,135565811,19,41018450
2019,130713480,135565815,18,41018451
2019,130713482,135565817,1,41018452
2019,130713484,135565819,18,41018453
2019,130713485,135565820,18,41018454
2019,130713487,135565821,3,41018455
2019,130713488,135565822,18,41018456
2019,130713491,135565825,1,41018457
2019,130713492,135565826,18,41018458
2019,130713496,135565830,18,41018459
2019,130713497,135565831,18,41018460
2019,130713499,135565833,18,41018461
2019,130713500,135565834,18,41018462
2019,130713503,135565839,18,41018463
2019,130713504,135565840,18,41018464
2019,130713505,135565841,18,41018465
2019,130713506,135565842,18,41018466
2019,130713507,135565843,18,41018467
2019,130713508,135565844,18,41018468
2019,130713510,135565846,17,41018469
2019,130713512,135565848,18,41018470
2019,130713514,135565850,18,41018471
2019,130713515,135565851,24,41018472
2019,130713517,135565853,24,41018473
2019,130713527,135565861,18,41018474
2019,130713530,135565866,1,41018475
2019,130713531,135565867,26,41018476
2019,130713532,135565868,18,41018477
2019,130713533,135565869,18,41018478
2019,130713534,135565870,18,41018479
2019,130713535,135565871,1,41018480
2019,130713536,135565872,18,41018481
2019,130713537,135565873,18,41018482
2019,130713540,135565877,18,41018483
2019,130713543,135565881,18,41018484
2019,130713547,135565888,3,41018485
2019,130713549,135565891,18,41018486
2019,130713550,135565892,18,41018487
2019,130713551,135565892,18,41018488
2019,130713555,135565895,18,41018489
2019,130713557,135565899,24,41018490
2019,130713557,135565898,24,41018491
2019,130713557,135565897,24,41018492
2019,130713558,135565900,18,41018493
2019,130713560,135565902,18,41018494
2019,130713562,135565904,3,41018495
2019,130713563,135565905,15,41018496
2019,130713564,135565906,18,41018497
2019,130713565,135565907,18,41018498
2019,130713566,135565908,21,41018499
2019,130713567,135565909,18,41018500
2019,130713569,135565911,18,41018501
2019,130713570,135565912,18,41018502
2019,130713572,135565914,18,41018503
2019,130713573,135565915,18,41018504
2019,130713574,135565916,18,41018505
2019,130711549,135558606,18,41037254
2019,130711558,135562673,18,41037263
2019,130713325,135565656,18,41018328
2019,130711574,135558631,18,41037275
2019,130713342,135565670,3,41018353
2019,130713349,135565676,1,41018358
2019,130713355,135565687,3,41018367
2019,130713358,135565690,3,41018370
2019,134751339,139613079,18,42882088
2019,134751339,139613078,18,42882089
2019,134753747,139614992,11,42880470
2019,134751399,139615054,18,42882113
2019,134751399,139607521,18,42882115
2019,134751399,139607522,18,42882114
2019,134753823,139615075,3,42880495
2019,134751440,139613211,3,42882128
2019,134751522,139613304,3,42882151
2019,134751628,139613427,3,42882171
2019,134751661,139613467,17,42882179
2019,134751662,139613467,1,42882181
2019,134751661,139613466,1,42882180
2019,134751662,139613466,5,42882182
2019,134751671,139613475,24,42882185
2019,134751355,139613101,1,42882101
2019,134751355,139613100,7,42882102
2019,134745353,139615017,3,42868936
2019,134751375,139613126,21,42882106
2019,134751384,139607504,3,42882107
2019,134751413,139613179,3,42882120
2019,130705679,135562716,18,41032102
2019,130705698,135562734,18,41032115
2019,130705700,135562736,3,41032116
2019,130705711,135562745,18,41032125
2019,132083308,136886141,5,41669946
2019,130705631,135562665,18,41032063
2019,130705636,135562668,9,41032066
2019,130705648,135565657,18,41032072
2019,130713329,135565663,21,41018333
2019,130713329,135565662,16,41018334
2019,130713328,135565662,21,41018332
2019,130713328,135565663,16,41018331
2019,130705630,135562663,17,41032062
2019,130711543,135558598,18,41037246
2019,130711544,135558598,18,41037247
2019,130705655,135562688,18,41032077
2019,130705662,135562697,17,41032089
2019,130705666,135562701,18,41032093
2019,130705643,135562676,3,41037265
2019,130711563,135562679,18,41037268
2019,130705672,135562707,1,41032097
2019,130705686,135562723,21,41032107
2019,130705693,135562730,18,41032113
2019,130705705,135562740,18,41032120
2019,130705720,135562754,18,41032132
2019,130705724,135562758,1,41032135
2019,130711550,135558607,3,41037255
2019,130705656,135562689,18,41032080
2019,130705658,135562690,18,41032085
2019,130713334,135562689,18,41018344
2019,130705658,135562689,18,41032086
2019,130713332,135562691,18,41032087
2019,130705657,135562691,18,41032081
2019,130713334,135562691,18,41018342
2019,130713333,135562690,18,41018340
2019,130713332,135562690,18,41018337
2019,130713333,135562691,18,41018339
2019,130705658,135562691,18,41032084
2019,130705657,135562689,18,41032083
2019,130713333,135562689,18,41018341
2019,130713332,135562689,18,41018338
2019,130713334,135562690,18,41018343
2019,130705656,135562690,18,41032079
2019,130705657,135562690,18,41032082
2019,130705656,135562691,18,41032078
2019,132083307,136886140,1,41669945
2019,132083303,136886136,18,41669938
2019,132083305,136881912,18,41669942
2019,132083305,136881911,9,41669943
2019,132083306,136886139,3,41669944
2019,132078210,136881920,18,41674085
2019,132078210,136881919,18,41674086
2019,116616135,119944631,16,35540280
2019,116606434,119949824,24,35535371
2019,116616321,119939976,18,35545325
2019,116606434,119944975,24,35540344
2019,116611499,119949824,24,35535372
2019,116606432,119949824,24,35545327
2019,116606432,119944975,24,35540343
2019,116611499,119944975,24,35540346
2019,116606458,119949844,3,35540352
2019,124736557,128208512,3,38592715
2019,124727904,128209965,16,38596346
2019,124736568,128208518,1,38592717
2019,124736576,128209993,3,38592718
2019,124736578,128208526,3,38592719
2019,124736583,128208531,3,38592720
2019,124736586,128208534,17,38592721
2019,124736587,128208535,18,38592722
2019,124736588,128208536,24,38592723
2019,124736594,128208542,14,38592724
2019,124736595,128208543,14,38592725
2019,124736599,128208549,24,38592726
2019,124736599,128208548,24,38592727
2019,124736608,128208558,21,38592728
2019,124736611,128208561,16,38592729
2019,124736629,128208580,19,38592732
2019,124736641,128208594,21,38592735
2019,124736644,128208597,3,38592736
2019,124736646,128208600,16,38592737
2019,124736673,128208625,3,38592738
2019,124736680,128208631,24,38592739
2019,124736682,128208633,18,38592740
2019,124736683,128208634,3,38592741
2019,124736689,128208641,21,38592742
2019,124736697,128208649,21,38592743
2019,124736699,128208651,18,38592744
2019,124736700,128208652,1,38592745
2019,124736720,128208669,1,38592750
2019,124736719,128208669,1,38592749
2019,124736721,128208670,3,38592751
2019,124736736,128208689,15,38592753
2019,124736754,128208709,1,38592755
2019,124736759,128208713,24,38592756
2019,124736762,128208718,24,38592757
2019,124736773,128208728,1,38592759
2019,124736779,128208735,18,38592760
2019,124736807,128208767,16,38592763
2019,124736807,128208766,16,38592764
2019,124736807,128208764,16,38592766
2019,124736807,128208765,16,38592765
2019,124736809,128208769,26,38592767
2019,124736555,128208510,3,38592714
2019,124727902,128209962,18,38596344
2019,124727906,128209968,1,38596348
2019,123610489,127061774,3,38136989
2019,123603261,127073935,21,38137010
2019,123603251,127061780,1,38136994
2019,123610480,127073865,18,38136987
2019,123603262,127073945,3,38130967
2019,123603266,127073952,24,38130971
2019,123603266,127073953,24,38130970
2019,123603266,127073954,24,38137012
2019,123610464,127073842,24,38136975
2019,123610578,127073969,16,38137023
2019,123603274,127073998,1,38137039
2019,123610659,127074049,1,38137048
2019,123610659,127074047,1,38137049
2019,123610513,127073907,21,38137002
2019,123610605,127073986,21,38130974
2019,123610555,127073946,3,38130968
2019,123610603,127073991,20,38137035
2019,123603273,127073991,1,38137037
2019,123603273,127073989,20,38137038
2019,123610603,127073989,1,38137036
2019,123610475,127073863,3,38136983
2019,123603240,127073863,1,38130963
2019,123603240,127061772,3,38136985
2019,123610475,127061772,1,38136981
2019,123610540,127073924,18,38137007
2019,123610543,127073932,3,38137008
2019,127752648,132556741,1,39850901
2019,127752681,132556769,1,39850904
2019,123610473,127073862,3,38130962
2019,123610584,127073971,26,38130973
2019,123610515,127073909,18,38137003
2019,123610520,127073909,18,38137004
2019,123610502,127073885,3,38136992
2019,123603253,127073901,17,38136999
2019,123610566,127073957,9,38137014
2019,123610641,127074033,24,38137045
2019,123603242,127073873,1,38136988
2019,123610623,127074004,1,38137043
2019,123610644,127074029,15,38137046
2019,123610476,127061770,5,38136982
2019,123610500,127061779,3,38136991
2019,123610479,127061771,21,38136986
2019,123610470,127073853,5,38136978
2019,123610611,127073995,3,38130975
2019,123603276,127061811,3,38137042
2019,123610493,127073880,24,38136990
2019,123610527,127073916,24,38137006
2019,123603258,127073938,3,38130966
2019,123610567,127061795,1,38137015
2019,123610580,127073972,24,38130972
2019,123610622,127074003,24,38130977
2019,123610477,127073860,3,38136984
2019,123603250,127073889,3,38136993
2019,123610565,127073958,26,38137013
2019,123610569,127073965,3,38137016
2019,123610581,127073974,1,38137028
2019,123610597,127073983,3,38137032
2019,123610613,127073993,1,38137040
2019,123610617,127073993,24,38130976
2019,124166062,127668740,20,38362488
2019,124166067,127668749,17,38367382
2019,124166066,127668749,19,38362491
2019,124171733,127668749,19,38362490
2019,124166071,127657939,3,38367383
2019,124171742,127668755,24,38362493
2019,124171742,127657941,24,38362494
2019,124171744,127668757,3,38362495
2019,124166089,127668779,3,38367384
2019,124166090,127657954,16,38367385
2019,124166090,127657953,16,38367386
2019,124166091,127668780,26,38367387
2019,124166093,127668782,19,38362496
2019,124166095,127657957,21,38367388
2019,124166098,127657959,14,38367389
2019,123610469,127073851,9,38136977
2019,123610512,127073906,19,38137001
2019,123610630,127074016,18,38137044
2019,116606420,119944964,1,35540340
2019,116606420,119949813,1,35545324
2019,116616341,119949841,1,35545331
2019,116616345,119949851,19,35540355
2019,116611497,119944977,16,35540345
2019,116616323,119939978,3,35540342
2019,116606450,119949838,17,35540350
2019,116616338,119949838,17,35540351
2019,116611524,119949850,1,35540354
2019,116606495,119940059,26,35545341
2019,116616339,119944991,7,35545330
2019,116606521,119940087,18,35540370
2019,116616143,119949645,26,35545283
2019,116616148,119944656,16,35545285
2019,116606173,119944660,19,35535286
2019,116606180,119944666,17,35540286
2019,116616159,119939707,24,35535290
2019,116606511,119945029,19,35540367
2019,116606165,119944649,1,35540285
2019,116606233,119939738,24,35535296
2019,116616134,119939643,17,35535279
2019,116611196,119944681,3,35545289
2019,116606153,119939653,18,35545281
2019,116611160,119939663,19,35535282
2019,116606163,119939663,19,35540284
2019,116606191,119939698,3,35540291
2019,116606235,119939740,18,35535297
2019,116611138,119939640,16,35535278
2019,116606223,119944697,18,35535292
2019,116606223,119939727,18,35540297
2019,116606185,119939695,24,35535289
2019,116616158,119939705,3,35545288
2019,116611207,119939721,1,35535291
2019,120315224,123668865,18,36888798
2019,120315224,123674523,18,36884081
2019,120315254,123675115,3,36884086
2019,122693024,126117760,16,37750467
2019,122690037,126126083,3,37745235
2019,122696520,126117761,21,37745253
2019,122696495,126121513,21,37745236
2019,122690028,126121492,14,37748660
2019,122690075,126121548,21,37748668
2019,127763731,132550431,1,39854752
2019,127763734,132556742,19,39854754
2019,127763739,132556746,3,39854755
2019,127763743,132556750,1,39854756
2019,127763754,132556762,1,39854758
2019,127763758,132556768,3,39854759
2019,127763761,132556772,21,39854760
2019,127763762,132556773,14,39854761
2019,127763771,132556782,24,39854762
2019,127763772,132556783,18,39854763
2019,127763773,132556784,21,39854764
2019,127763779,132556790,24,39854765
2019,127763785,132556797,3,39854766
2019,127763790,132556802,18,39854769
2019,127763790,132556801,18,39854770
2019,127763789,132556801,3,39854768
2019,127763789,132556802,18,39854767
2019,127763791,132556803,17,39854771
2019,127763798,132556810,24,39854774
2019,127763803,132556815,3,39854775
2019,127763817,132556831,19,39854776
2019,127763818,132556832,3,39854777
2019,127763821,132556836,3,39854778
2019,127763822,132556837,3,39854779
2019,127763825,132556840,24,39854780
2019,127763826,132556841,24,39854781
2019,127763829,132556844,1,39854782
2019,127763832,132556848,14,39854783
2019,127763832,132556847,14,39854784
2019,127763833,132556849,21,39854785
2019,127763835,132556851,3,39854786
2019,127763848,132556868,26,39854787
2019,127763849,132556869,18,39854788
2019,127763850,132556870,18,39854789
2019,127763854,132556875,15,39854791
2019,127763860,132556881,3,39854793
2019,127763862,132556883,3,39854794
2019,127763863,132556884,21,39854795
2019,127763868,132556889,3,39854796
2019,127763871,132556891,21,39854797
2019,127763875,132556895,1,39854798
2019,127763876,132556896,21,39854799
2019,127763878,132556899,3,39854800
2019,127763880,132556901,5,39854801
2019,127763881,132556902,3,39854802
2019,127763885,132556907,5,39854803
2019,127763898,132556923,16,39854807
2019,127763901,132556927,17,39854808
2019,127763902,132556928,24,39854809
2019,127763909,132556934,3,39854810
2019,127763910,132556935,1,39854811
2019,127763911,132556936,1,39854812
2019,116611503,119949833,1,35535373
2019,116606496,119940062,3,35535380
2019,116611129,119944616,3,35545276
2019,116606156,119949632,24,35540282
2019,116616150,119944667,9,35545286
2019,116616164,119944701,24,35535294
2019,116616164,119939736,24,35535295
2019,116616164,119939735,24,35540298
2019,116611485,119949812,3,35535367
2019,116606467,119940023,14,35540356
2019,116611532,119949859,21,35545338
2019,116606490,119940053,24,35540364
2019,116616371,119940065,17,35545343
2019,116606436,119949828,1,35540347
2019,116611507,119949836,3,35540349
2019,124727903,128209964,3,38596345
2019,124727905,128209966,3,38596347
2019,124736563,128209972,1,38592716
2019,124171729,127668746,3,38362489
2019,122693027,126126139,3,37750469
2019,122696524,126117764,3,37745254
2019,122693027,126117764,1,37750470
2019,122696524,126126139,1,37750471
2019,120320939,123674528,5,36894432
2019,120321386,123674547,1,36894435
2019,120315306,123674566,26,36888809
2019,120315319,123668958,18,36888813
2019,122696499,126126101,16,37750451
2019,122692997,126121533,24,37748667
2019,122696493,126117721,21,37748662
2019,120315319,123675158,18,36888814
2019,120321421,123675169,24,36894443
2019,120321372,123675102,1,36894428
2019,120320974,123674571,14,36884095
2019,122690079,126117756,21,37745250
2019,122693033,126126144,5,37748669
2019,122693010,126117747,9,37750461
2019,122692974,126126088,17,37750446
2019,122693032,126126143,3,37750472
2019,122692964,126126072,3,37750444
2019,122692950,126126053,16,37745230
2019,122690060,126126115,3,37748665
2019,122696519,126126137,21,37750466
2019,122693047,126117782,1,37750475
2019,122690077,126126128,16,37745247
2019,122690077,126126127,16,37745248
2019,122693014,126126128,16,37745246
2019,122693014,126126127,16,37750463
2019,120320949,123668891,9,36894434
2019,120321400,123668920,3,36894439
2019,120315230,123668870,24,36888800
2019,120320929,123668857,24,36884077
2019,120315221,123674519,3,36888796
2019,120315303,123668938,24,36888808
2019,122690035,126117713,5,37745233
2019,122696484,126126082,18,37745234
2019,122690049,126121517,16,37750452
2019,122696505,126126114,3,37750456
2019,122692996,126121531,24,37750457
2019,122690109,126121571,26,37745256
2019,120321391,123675129,5,36894436
2019,120321413,123668941,3,36884094
2019,120315218,123668861,1,36888795
2019,122690021,126126054,17,37750441
2019,122690089,126117766,1,37745255
2019,122690111,126126165,3,37750474
2019,122690111,126126166,16,37748674
2019,120315244,123674534,18,36894433
2019,122696537,126126166,3,37750473
2019,122696537,126126165,16,37748673
2019,122696545,126121588,21,37748677
2019,134751499,139613275,18,42882143
2019,134753723,139599966,16,42880463
2019,132083310,136881915,3,41674079
2019,132078212,136881923,18,41674087
2019,124171734,127668750,1,38362492
2019,124171773,127668801,26,38362498
2019,124171778,127668805,3,38362499
2019,124171780,127668807,18,38362500
2019,124171788,127668815,1,38362501
2019,124171809,127668838,21,38362502
2019,124171811,127668840,3,38362503
2019,124171818,127668846,9,38362504
2019,124171821,127668849,17,38362505
2019,124171825,127668853,24,38362508
2019,124171829,127668857,1,38362509
2019,124171830,127668858,3,38362510
2019,124171839,127668866,16,38362513
2019,124171839,127668865,9,38362514
2019,124171838,127668866,9,38362511
2019,124171838,127668865,16,38362512
2019,124171852,127668881,3,38362516
2019,124171866,127668896,16,38362517
2019,124171875,127668905,16,38362518
2019,124171895,127668926,17,38362520
2019,124171896,127668927,3,38362521
2019,124171898,127668929,3,38362522
2019,124171903,127668935,3,38362523
2019,124171904,127668936,3,38362524
2019,124171910,127668940,1,38362525
2019,124171911,127668941,9,38362530
2019,124171911,127668942,9,38362529
2019,124171911,127668943,9,38362528
2019,124171911,127668945,9,38362526
2019,124171911,127668944,9,38362527
2019,124171912,127668946,21,38362531
2019,124171920,127668956,21,38362532
2019,124171930,127668966,3,38362534
2019,124171934,127668969,16,38362536
2019,124171933,127668969,15,38362535
2019,124171937,127668973,5,38362537
2019,130705725,135562759,18,41032136
2019,130705729,135562763,18,41032139
2019,130705706,135562741,18,41032121
2019,130705717,135562752,21,41032130
2019,130705726,135562760,18,41032137
2019,130705742,135562777,21,41032148
2019,130705743,135562778,18,41032149
2019,130705744,135562779,1,41032150
2019,130705746,135562781,20,41032151
2019,130705753,135562787,26,41032154
2019,130705758,135562794,21,41032160
2019,130705759,135562796,18,41032161
2019,130705762,135562799,3,41032162
2019,130705770,135562806,1,41032171
2019,130705770,135562807,3,41032170
2019,130705769,135562807,1,41032168
2019,130705769,135562806,3,41032169
2019,130705772,135562810,18,41032173
2019,130705773,135562812,18,41032174
2019,130711559,135562674,18,41018323
2019,130705649,135562684,18,41032073
2019,130705652,135562686,18,41032075
2019,130711572,135558630,18,41037274
2019,130705665,135562700,24,41032092
2019,130705680,135562717,18,41032103
2019,130705684,135562721,1,41032105
2019,130705689,135562726,18,41032109
2019,130705691,135562728,18,41032111
2019,120321365,123675093,21,36888793
2019,120321369,123674520,3,36884079
2019,120320937,123675105,18,36884083
2019,120315288,123675139,24,36888802
2019,120321364,123668858,3,36894425
2019,126635254,130972224,18,39362219
2019,126635259,130972228,1,39362220
2019,127754548,132556739,1,39845008
2019,132083311,136886144,18,41669947
2019,132083313,136886146,3,41669949
2019,132078221,136886153,24,41674091
2019,132083317,136886154,24,41669954
2019,132083319,136886156,18,41669955
2019,132083320,136886157,3,41669956
2019,132083323,136886164,18,41669958
2019,132083326,136886169,18,41669959
2019,132083327,136886170,1,41669960
2019,132078240,136881948,18,41674110
2019,132078242,136886174,18,41674111
2019,132083333,136886178,18,41669965
2019,132083334,136886179,18,41669966
2019,132083338,136886183,1,41669969
2019,132083339,136886184,21,41669970
2019,130705639,135562669,18,41032068
2019,132087936,136868993,18,41660268
2019,132087937,136868993,18,41660269
2019,134745450,139615113,1,42880507
2019,134745450,139615112,1,42880508
2019,134745451,139615113,1,42868969
2019,134745451,139615112,1,42868970
2019,134745481,139607599,18,42868979
2019,134745655,139607786,18,42869027
2019,134745675,139607809,3,42869035
2019,134745705,139615408,3,42880585
2019,134745731,139607868,3,42869060
2019,134745771,139607913,18,42869072
2019,134745772,139607913,18,42869073
2019,134745795,139607934,18,42869079
2019,134745807,139615545,18,42869084
2019,134745848,139607999,3,42869099
2019,134745853,139608005,24,42869102
2019,134745856,139608008,16,42869104
2019,134745855,139608008,16,42869103
2019,134745711,139607852,18,42869054
2019,134745711,139607851,18,42869055
2019,134745740,139613438,18,42869063
2019,134745751,139607893,18,42869066
2019,134754178,139613462,3,42880602
2019,134751665,139607916,24,42882184
2019,134745841,139607992,18,42869096
2019,134745869,139615628,3,42869107
2019,134745871,139608022,5,42869108
2019,134754318,139615633,17,42880647
2019,134745880,139615640,18,42869112
2019,134745879,139615640,17,42880650
2019,134745881,139608032,3,42869113
2019,134745890,139608043,16,42869114
2019,134745896,139608050,3,42869118
2019,134745898,139608052,1,42869121
2019,134745898,139608053,1,42869120
2019,134745899,139608052,1,42869124
2019,134745899,139608053,1,42869123
2019,134745898,139608054,1,42869119
2019,134745899,139608054,1,42869122
2019,134745902,139608058,1,42869125
2019,134745902,139608057,1,42869126
2019,130711567,135565658,3,41037271
2019,130711548,135558601,24,41037253
2019,130711548,135558602,24,41037252
2019,130711548,135558603,24,41037251
2019,130711548,135558605,24,41037249
2019,130711548,135558604,24,41037250
2019,130711623,135558680,24,41037305
2019,130711626,135558683,18,41037306
2019,130711627,135558684,18,41037307
2019,130711633,135558690,18,41037309
2019,130711634,135558691,18,41037310
2019,130711636,135558693,18,41037311
2019,130711638,135558694,18,41037313
2019,130711637,135558694,18,41037312
2019,130711639,135558695,21,41037314
2019,130711641,135558697,18,41037315
2019,130711642,135558698,3,41037316
2019,130711643,135558699,3,41037317
2019,130711644,135558700,3,41037318
2019,130711646,135558702,18,41037319
2019,130711647,135558703,18,41037320
2019,130711648,135558704,18,41037321
2019,130711652,135558708,18,41037323
2019,130711653,135558708,18,41037324
2019,130711654,135558709,18,41037325
2019,130711655,135558710,18,41037326
2019,130711656,135558711,18,41037327
2019,130711658,135558713,18,41037328
2019,130711659,135558714,18,41037329
2019,130711660,135558715,1,41037330
2019,130711661,135558716,18,41037331
2019,130711668,135558723,18,41037332
2019,130711670,135558726,18,41037333
2019,130711671,135558727,18,41037334
2019,130711673,135558729,18,41037336
2019,130711674,135558730,18,41037337
2019,130711674,135558729,3,41037338
2019,130711673,135558730,3,41037335
2019,130711676,135558731,17,41037340
2019,130711675,135558731,17,41037339
2019,130711677,135558732,18,41037341
2019,130711678,135558733,18,41037342
2019,130711680,135558735,18,41037344
2019,130711684,135558740,24,41037346
2019,130711685,135558741,18,41037347
2019,130711686,135558742,5,41037348
2019,130711688,135558744,18,41037349
2019,130711689,135558745,18,41037350
2019,130711690,135558746,18,41037351
2019,130711691,135558747,18,41037352
2019,130711696,135558753,16,41037354
2019,130711697,135558754,16,41037355
2019,130711699,135558756,1,41037356
2019,130711701,135558758,18,41037357
2019,130711702,135558759,18,41037358
2019,130711703,135558760,18,41037359
2019,130711704,135558761,18,41037360
2019,130711706,135558763,24,41037361
2019,130711710,135558770,21,41037370
2019,130711712,135558772,18,41037372
2019,130711714,135558774,18,41037373
2019,130711716,135558776,18,41037375
2019,130711720,135558781,5,41037380
2019,130711719,135558781,25,41037377
2019,130711719,135558780,21,41037378
2019,130711720,135558780,5,41037381
2019,130711720,135558782,25,41037379
2019,130711719,135558782,17,41037376
2019,127763733,132542154,3,39845010
2019,127763732,132556740,17,39854753
2019,134745328,139613097,21,42868929
2019,134745341,139613114,1,42880481
2019,134745342,139613114,3,42868932
2019,134745341,139613115,3,42880480
2019,134745342,139613115,1,42868931
2019,134745370,139607493,18,42868942
2019,134745369,139607493,18,42868941
2019,134745395,139607513,18,42868952
2019,134745406,139607526,3,42868956
2019,134745415,139607533,18,42868959
2019,134745429,139615082,21,42880498
2019,134745438,139615093,3,42880500
2019,134745446,139607566,18,42868967
2019,134751431,139613202,18,42882125
2019,134753923,139615193,18,42880536
2019,134753927,139613255,18,42868986
2019,134745536,139615224,3,42880540
2019,134745542,139613285,21,42868996
2019,134753955,139607671,19,42880545
2019,134753955,139607670,1,42880546
2019,134753963,139615245,3,42880549
2019,134751530,139607726,3,42882154
2019,134745616,139607741,16,42869017
2019,134745616,139607742,16,42869016
2019,134745615,139607742,16,42869014
2019,134745615,139607741,16,42869015
2019,134745660,139607791,21,42869028
2019,134754093,139615387,24,42880575
2019,134745694,139615398,18,42869041
2019,134745696,139615398,18,42869045
2019,129640489,134446196,1,40586793
2019,129640505,134446213,18,40586806
2019,129640505,134446214,18,40586805
2019,129640510,134446218,18,40586813
2019,134751331,139599961,18,42882087
2019,134751330,139599961,18,42882086
2019,134751329,139599961,18,42882085
2019,134753758,139615005,18,42880473
2019,134753760,139615006,24,42880475
2019,134753759,139615006,24,42880474
2019,134753762,139615008,18,42880478
2019,134753774,139607478,16,42880482
2019,134753767,139615013,24,42880479
2019,134753797,139615046,24,42880488
2019,134745402,139607520,21,42868954
2019,134753832,139615087,3,42880499
2019,134745442,139607560,3,42868966
2019,134751427,139615110,24,42882123
2019,134751427,139615111,24,42882122
2019,134753778,139615023,24,42880483
2019,134751429,139615118,18,42882124
2019,134753858,139615118,18,42880509
2019,135472311,140382094,18,43183807
2019,135472322,140382106,18,43183813
2019,134745479,139613235,21,42868978
2019,134753953,139615239,3,42880544
2019,134751545,139607750,24,42869019
2019,134751647,139613448,18,42882176
2019,134754203,139615516,18,42880608
2019,134754207,139615519,21,42880610
2019,134754224,139607939,3,42880616
2019,134754278,139615593,18,42880637
2019,134754315,139615631,18,42880646
2019,135472303,140382085,18,43183799
2019,135472317,140382100,21,43183811
2019,135472329,140382116,18,43183820
2019,134745468,139607587,3,42868974
2019,134754236,139615548,18,42880620
2019,134754242,139613498,18,42880623
2019,134754247,139615560,3,42880626
2019,134754254,139607958,18,42880627
2019,134745815,139607958,18,42869087
2019,134754254,139607957,18,42880628
2019,134745815,139607957,18,42869088
2019,134753971,139615257,18,42880550
2019,134745649,139607778,3,42869025
2019,134754077,139607801,24,42880573
2019,134751625,139613422,16,42882170
2019,134754148,139615447,21,42880592
2019,134753917,139607617,18,42880530
2019,134753917,139607616,18,42880531
2019,134753959,139615242,21,42880548
2019,134754040,139613339,18,42869024
2019,134754040,139613340,18,42869023
2019,134751580,139613368,3,42882161
2019,134754204,139615518,18,42880609
2019,134754241,139615553,18,42880622
2019,134753732,139614979,26,42882091
2019,134753745,139607437,18,42882095
2019,134753745,139607438,18,42868927
2019,134753745,139607435,18,42880469
2019,134753842,139615100,3,42880503
2019,134753881,139613218,3,42882132
2019,134753881,139607580,18,42882133
2019,134751446,139607580,3,42882131
2019,134751446,139613218,18,42882130
2019,134745501,139607615,21,42868983
2019,134753933,139615204,5,42880538
2019,134753951,139615238,3,42880543
2019,134754009,139615298,18,42880560
2019,134754018,139615307,3,42880562
2019,134751582,139613369,24,42882162
2019,134754109,139615405,18,42880582
2019,134754109,139615404,18,42880583
2019,134754144,139613434,18,42880591
2019,134754150,139607877,17,42880593
2019,134754185,139615491,18,42880604
2019,134754210,139615521,18,42880612
2019,134754211,139615521,18,42880613
2019,134754218,139615529,24,42880615
2019,134745811,139607951,3,42869085
2019,134754266,139615582,3,42880633
2019,134754299,139608003,21,42869100
2019,134754303,139615617,18,42880642
2019,134754312,139615627,18,42880645
2019,134754322,139615635,3,42880648
2019,134754340,139615654,18,42880659
2019,134754341,139615655,19,42880660
2019,134753728,139614969,1,42880464
2019,134753950,139613292,21,42880542
2019,134754024,139615318,18,42880564
2019,134754029,139615322,18,42880566
2019,134754028,139615322,18,42880565
2019,134745683,139613386,3,42882164
2019,134754157,139607881,5,42880596
2019,134754161,139615459,17,42880598
2019,134754208,139615520,18,42880611
2019,134754217,139615528,21,42880614
2019,134754246,139607953,17,42880625
2019,134753716,139599960,16,42880461
2019,134753810,139607524,18,42880491
2019,134753810,139607525,18,42880490
2019,134753810,139615060,18,42880489
2019,134753838,139607552,21,42868964
2019,134753911,139615179,18,42880527
2019,134754086,139615379,21,42880574
2019,134754094,139615388,3,42880576
2019,134754098,139615392,24,42880578
2019,134754168,139607898,3,42880599
2019,134745760,139613455,18,42869068
2019,134751672,139613476,21,42882186
2019,134754269,139615585,1,42880634
2019,134754275,139615590,18,42880636
2019,134754301,139615616,3,42880640
2019,135472304,140382087,1,43183800
2019,135472316,140382099,1,43183810
2019,135472326,140382111,18,43183815
2019,122696498,126126097,3,37750447
2019,122696474,126126068,21,37745232
2019,122690048,126126091,16,37748664
2019,122692978,126126091,1,37745238
2019,122690048,126121515,1,37745241
2019,122690045,126121514,16,37750450
2019,122690045,126117724,1,37750448
2019,122690045,126121515,1,37745240
2019,122692978,126121514,1,37745239
2019,122690045,126126091,1,37750449
2019,122690048,126117724,1,37745242
2019,122692978,126117724,1,37748663
2019,122690048,126121514,1,37745243
2019,122692978,126121515,16,37745237
2019,122696528,126121560,21,37748671
2019,122690078,126117751,20,37745249
2019,122693026,126126138,1,37750468
2019,122693021,126121550,21,37750465
2019,122696518,126121551,3,37745252
2019,116616154,119944670,1,35545287
2019,116616154,119944672,24,35540289
2019,116606224,119939729,24,35535293
2019,116606481,119940045,17,35545339
2019,116616382,119940076,17,35535384
2019,120315228,123674525,3,36894429
2019,120320930,123674517,1,36884078
2019,120315297,123674563,3,36884092
2019,116606186,119939694,3,35540288
2019,122696473,126121495,3,37748661
2019,122690065,126126121,1,37750458
2019,122690055,126117736,1,37750453
2019,122690055,126117735,1,37750455
2019,122696507,126126117,21,37748666
2019,122693018,126126131,1,37750464
2019,122696526,126126150,24,37748670
2019,122692958,126126062,3,37745231
2019,122690054,126126107,26,37750454
2019,116606501,119949871,3,35545342
2019,116606502,119949872,21,35540365
2019,116606505,119949875,3,35545346
2019,116606504,119940064,3,35545344
2019,116606510,119940071,3,35540366
2019,116606475,119940031,18,35545336
2019,116606475,119940026,18,35540361
2019,116606475,119940034,18,35535377
2019,116606475,119940032,18,35540359
2019,116606475,119940033,18,35535378
2019,116606475,119945011,18,35540360
2019,116606475,119940029,18,35545337
2019,116606475,119945013,18,35535376
2019,116606520,119940085,3,35540368
2019,116611495,119939981,24,35545326
2019,116616337,119949840,24,35535375
2019,116606200,119939711,3,35540293
2019,116606161,119949637,1,35535281
2019,116606162,119944640,1,35535283
2019,116606161,119944640,3,35540283
2019,116606162,119949637,3,35545282
2019,116611492,119949822,17,35535370
2019,116611551,119940084,18,35540369
2019,116606478,119949862,5,35540362
2019,123610516,127073900,18,38137000
2019,123610535,127073925,5,38130965
2019,123610545,127073930,5,38137009
2019,123603286,127074044,1,38137047
2019,123610582,127073960,1,38137025
2019,123610575,127073960,1,38137021
2019,123610573,127073960,1,38137018
2019,123610582,127073959,1,38137026
2019,123610575,127073959,1,38137022
2019,123610573,127073959,1,38137019
2019,123610573,127073962,1,38137017
2019,123610582,127073962,1,38137024
2019,123610575,127073962,1,38137020
2019,123603294,127074071,3,38137053
2019,123610466,127073845,18,38136976
2019,123610474,127073857,1,38136980
2019,123610507,127073895,16,38136996
2019,123610510,127073895,17,38130964
2019,123610524,127073912,1,38137005
2019,123610559,127073948,5,38137011
2019,123603268,127073973,1,38137027
2019,123610658,127074048,20,38130978
2019,126621777,130980267,3,39350781
2019,126621782,130980269,24,39350782
2019,126621808,130976150,21,39350797
2019,126626453,130980297,14,39350799
2019,126621809,130980297,14,39350798
2019,126621812,130980303,1,39350801
2019,134745695,139615399,18,42869042
2019,134745696,139615399,18,42869044
2019,134745694,139615399,18,42869040
2019,134745695,139615398,18,42869043
2019,134754128,139615428,18,42880587
2019,134745724,139613425,18,42869057
2019,134745724,139613424,18,42869058
2019,134745389,139607509,18,42868949
2019,134745400,139607517,22,42868953
2019,134753928,139613256,1,42882138
2019,134745583,139607703,3,42869006
2019,134745680,139607813,5,42869038
2019,134745697,139607835,9,42869046
2019,134745698,139607835,3,42869048
2019,134745698,139607834,18,42869049
2019,134745697,139607834,25,42869047
2019,134745699,139607834,3,42869051
2019,134745699,139607835,18,42869050
2019,134745738,139615449,3,42869062
2019,134745752,139607894,3,42869067
2019,134745778,139607917,5,42869075
2019,134745781,139607920,18,42869077
2019,134745797,139607936,17,42869080
2019,134745818,139607961,21,42869089
2019,134745825,139607969,3,42869092
2019,134745826,139607970,15,42869093
2019,134745836,139607985,21,42869095
2019,134745847,139615608,24,42869098
2019,134745352,139607476,18,42868935
2019,134745352,139607477,18,42868934
2019,134751353,139613096,18,42882100
2019,134754138,139615438,18,42880590
2019,134745339,139613111,18,42868930
2019,134745361,139607488,3,42868938
2019,134745363,139607489,16,42868939
2019,134745434,139607551,21,42868963
2019,134745475,139607594,3,42868976
2019,134745478,139607598,18,42868977
2019,134753922,139613252,18,42880535
2019,134745514,139607633,18,42868989
2019,134745550,139607664,18,42868997
2019,134745603,139607731,18,42869013
2019,134745668,139607802,9,42869030
2019,134751592,139615384,3,42882163
2019,134745688,139607827,21,42880577
2019,134754176,139615478,1,42880601
2019,134745804,139615540,1,42869083
2019,134754234,139615547,17,42880619
2019,134745813,139607955,18,42869086
2019,134754260,139615574,3,42880631
2019,134754260,139615575,1,42869090
2019,134754300,139615615,21,42880639
2019,134745863,139608014,18,42869105
2019,134751334,139607404,3,42868923
2019,134745298,139599965,21,42868924
2019,130713315,135562664,1,41018319
2019,130705674,135562710,18,41032099
2019,130711591,135558651,18,41037285
2019,130711595,135558654,18,41037288
2019,130711603,135558661,3,41037293
2019,130711606,135558664,18,41037295
2019,130711608,135558666,18,41037297
2019,130711586,135558644,18,41037281
2019,130711585,135558644,18,41037280
2019,130711584,135558644,18,41037279
2019,130713369,135565705,3,41018382
2019,130713318,135565652,18,41018321
2019,130711560,135558619,19,41037264
2019,130711562,135558620,24,41037267
2019,130711569,135565661,18,41018330
2019,132087935,136868992,18,41660267
2019,132087939,136868995,24,41660271
